City_ID,City,Country,Date,Lat,Lng,Max Temp,Humidity,Cloudiness,Wind Speed
0,Hilo,US,2020-03-03 01:22:08,19.73,-155.09,80.6,61,40,20.8
1,Rikitea,PF,2020-03-03 01:22:28,-23.12,-134.97,80.24,80,100,24.09
2,Vaini,TO,2020-03-03 01:22:29,-21.2,-175.2,86.0,70,20,10.29
3,Bitam,GA,2020-03-03 01:22:29,2.08,11.5,70.97,98,87,1.25
4,Hay River,CA,2020-03-03 01:22:29,60.82,-115.8,-0.4,77,90,9.17
5,Mahebourg,MU,2020-03-03 01:22:29,-20.41,57.7,80.6,94,75,3.36
6,Mabaruma,GY,2020-03-03 01:22:29,8.2,-59.78,70.92,92,94,2.64
7,Clonakilty,IE,2020-03-03 01:22:30,51.62,-8.87,36.0,65,20,8.05
8,Punta Arenas,CL,2020-03-03 01:22:30,-53.15,-70.92,53.6,71,40,5.82
9,Mataura,NZ,2020-03-03 01:22:30,-46.19,168.86,61.0,67,100,15.99
10,Vardo,NO,2020-03-03 01:22:30,70.37,31.11,27.19,78,97,28.3
11,Rikitea,PF,2020-03-03 01:22:30,-23.12,-134.97,80.24,80,100,24.09
12,Carnot,CF,2020-03-03 01:22:31,4.94,15.87,67.23,94,100,2.53
13,Rikitea,PF,2020-03-03 01:22:30,-23.12,-134.97,80.24,80,100,24.09
14,Avarua,CK,2020-03-03 01:22:31,-21.21,-159.78,84.2,83,10,6.93
15,Bredasdorp,ZA,2020-03-03 01:22:31,-34.53,20.04,69.01,93,23,4.7
16,Almaty,KZ,2020-03-03 01:20:32,43.25,76.95,37.4,69,75,6.71
17,Ushuaia,AR,2020-03-03 01:18:58,-54.8,-68.3,53.6,58,75,34.45
18,Mahebourg,MU,2020-03-03 01:22:29,-20.41,57.7,80.6,94,75,3.36
19,Biltine,TD,2020-03-03 01:22:32,14.53,20.92,77.61,13,32,14.29
20,Saint George,US,2020-03-03 01:22:32,37.1,-113.58,57.99,35,1,10.29
21,Zhezkazgan,KZ,2020-03-03 01:22:32,47.8,67.71,12.2,85,8,13.42
22,Non Sang,TH,2020-03-03 01:22:33,16.87,102.57,78.8,78,40,2.24
23,Biak,ID,2020-03-03 01:22:33,-0.91,122.88,80.96,78,100,6.04
24,Banda Aceh,ID,2020-03-03 01:19:37,5.56,95.32,71.73,95,96,3.65
25,Albany,US,2020-03-03 01:22:33,42.6,-73.97,53.6,37,90,8.05
26,Tsabong,BW,2020-03-03 01:22:33,-26.02,22.4,70.7,65,34,8.14
27,Hithadhoo,MV,2020-03-03 01:22:34,-0.6,73.08,83.73,67,52,4.05
28,Alice Springs,AU,2020-03-03 01:21:46,-23.7,133.88,64.4,100,90,13.87
29,Hilo,US,2020-03-03 01:22:08,19.73,-155.09,80.6,61,40,20.8
30,Atbasar,KZ,2020-03-03 01:22:34,51.8,68.33,8.44,83,0,7.52
31,Ushuaia,AR,2020-03-03 01:18:58,-54.8,-68.3,53.6,58,75,34.45
32,Soubre,CI,2020-03-03 01:22:35,5.79,-6.61,76.62,90,100,2.84
33,Mar Del Plata,AR,2020-03-03 01:18:21,-38.0,-57.56,78.01,83,33,6.93
34,Iranshahr,IR,2020-03-03 01:22:35,27.2,60.68,60.8,55,0,2.46
35,Port Alfred,ZA,2020-03-03 01:22:35,-33.59,26.89,64.99,96,1,6.02
36,Rikitea,PF,2020-03-03 01:22:28,-23.12,-134.97,80.24,80,100,24.09
37,Agadez,NE,2020-03-03 01:22:36,19.75,10.25,67.53,16,0,3.27
38,Airai,TL,2020-03-03 01:22:36,-8.93,125.41,75.67,73,98,2.42
39,Itarema,BR,2020-03-03 01:22:36,-2.92,-39.92,76.24,90,100,2.51
40,Mataura,NZ,2020-03-03 01:22:36,-46.19,168.86,61.0,67,100,15.99
41,Esperance,AU,2020-03-03 01:22:36,-33.87,121.9,62.6,67,90,9.17
42,Dalby,AU,2020-03-03 01:22:37,-27.18,151.27,87.8,40,88,5.82
43,Mareeba,AU,2020-03-03 01:22:37,-17.0,145.43,91.0,58,40,4.7
44,Bredasdorp,ZA,2020-03-03 01:22:37,-34.53,20.04,69.01,93,23,4.7
45,Busselton,AU,2020-03-03 01:22:37,-33.65,115.33,75.99,33,0,12.68
46,Aswan,EG,2020-03-03 01:22:38,24.09,32.91,59.0,30,0,20.8
47,Ushuaia,AR,2020-03-03 01:18:58,-54.8,-68.3,53.6,58,75,34.45
48,Bone,DE,2020-03-03 01:22:38,51.97,12.14,42.01,86,40,3.36
49,Leningradskiy,RU,2020-03-03 01:22:38,69.38,178.42,-1.59,83,97,28.74
50,Iskateley,RU,2020-03-03 01:22:38,67.68,53.15,26.22,96,100,13.0
51,Chakwal,PK,2020-03-03 01:22:39,32.93,72.86,51.8,100,0,3.36
52,Kidal,ML,2020-03-03 01:22:39,18.44,1.41,73.56,9,0,7.92
53,Ambon,ID,2020-03-03 01:22:39,-3.7,128.18,89.6,66,20,6.93
54,Bluff,NZ,2020-03-03 01:22:39,-46.6,168.33,61.0,67,97,15.99
55,Puerto Ayora,EC,2020-03-03 01:22:40,-0.74,-90.35,82.4,74,20,11.41
56,Avarua,CK,2020-03-03 01:22:40,-21.21,-159.78,84.2,83,10,6.93
57,Kaitangata,NZ,2020-03-03 01:22:40,-46.28,169.85,61.0,80,100,16.71
58,Punta Arenas,CL,2020-03-03 01:22:30,-53.15,-70.92,53.6,71,40,5.82
59,Atambua,ID,2020-03-03 01:22:41,-9.11,124.89,80.67,77,84,1.01
60,Arraial Do Cabo,BR,2020-03-03 01:22:41,-22.97,-42.03,74.1,89,100,16.53
61,Kapaa,US,2020-03-03 01:22:41,22.08,-159.32,77.0,83,90,11.41
62,Hermanus,ZA,2020-03-03 01:22:41,-34.42,19.23,69.01,86,0,11.01
63,Tasiilaq,GL,2020-03-03 01:22:41,65.61,-37.64,28.4,79,99,19.46
64,Atuona,PF,2020-03-03 01:22:42,-9.8,-139.03,82.22,74,28,16.08
65,Arraial Do Cabo,BR,2020-03-03 01:22:41,-22.97,-42.03,74.1,89,100,16.53
66,Port Alfred,ZA,2020-03-03 01:22:35,-33.59,26.89,64.99,96,1,6.02
67,Qaanaaq,GL,2020-03-03 01:22:43,77.48,-69.36,-22.77,53,11,2.46
68,Hermanus,ZA,2020-03-03 01:22:41,-34.42,19.23,69.01,86,0,11.01
69,Dikson,RU,2020-03-03 01:22:43,73.51,80.55,2.26,98,100,8.75
70,Macau,MO,2020-03-03 01:21:39,22.2,113.55,71.01,88,40,12.75
71,Caravelas,BR,2020-03-03 01:22:43,-17.71,-39.25,81.5,80,40,9.66
72,Cape Town,ZA,2020-03-03 01:22:44,-33.93,18.42,68.0,82,0,6.93
73,Jamestown,US,2020-03-03 01:17:55,42.1,-79.24,46.4,93,90,6.93
74,Gamba,GA,2020-03-03 01:22:44,-2.65,10.0,78.84,92,53,4.72
75,Tuatapere,NZ,2020-03-03 01:22:44,-46.13,167.68,61.0,67,100,15.99
76,Anadyr,RU,2020-03-03 01:22:44,64.75,177.48,1.4,70,0,29.08
77,Hanna,CA,2020-03-03 01:22:44,51.63,-111.9,32.0,72,12,5.99
78,Bitkine,TD,2020-03-03 01:22:45,11.98,18.21,79.27,16,8,7.47
79,Busselton,AU,2020-03-03 01:22:37,-33.65,115.33,75.99,33,0,12.68
80,Mataura,NZ,2020-03-03 01:22:36,-46.19,168.86,61.0,67,100,15.99
81,Hilo,US,2020-03-03 01:22:08,19.73,-155.09,80.6,61,40,20.8
82,Hobart,AU,2020-03-03 01:21:43,-42.88,147.33,63.0,45,75,6.93
83,Port Elizabeth,ZA,2020-03-03 01:22:46,-33.92,25.57,68.0,94,75,2.24
84,Houston,US,2020-03-03 01:18:02,29.76,-95.36,73.4,78,90,11.41
85,Adrar,MR,2020-03-03 01:22:46,20.5,-10.07,71.22,8,0,10.67
86,Hilo,US,2020-03-03 01:22:08,19.73,-155.09,80.6,61,40,20.8
87,Rikitea,PF,2020-03-03 01:22:28,-23.12,-134.97,80.24,80,100,24.09
88,Flinders,AU,2020-03-03 01:22:47,-34.58,150.86,71.01,77,90,6.93
89,Ahipara,NZ,2020-03-03 01:22:47,-35.17,173.17,84.0,83,37,9.66
90,Punta Arenas,CL,2020-03-03 01:22:30,-53.15,-70.92,53.6,71,40,5.82
91,Barrow,US,2020-03-03 01:19:54,71.29,-156.79,-29.2,91,75,8.05
92,Nikolskoye,RU,2020-03-03 01:22:48,59.7,30.79,33.01,100,90,4.47
93,Vaini,TO,2020-03-03 01:22:29,-21.2,-175.2,86.0,70,20,10.29
94,Tuktoyaktuk,CA,2020-03-03 01:22:48,69.45,-133.04,-40.0,65,5,2.24
95,Imbituba,BR,2020-03-03 01:22:48,-28.24,-48.67,68.0,100,75,5.82
96,Khatanga,RU,2020-03-03 01:22:48,71.97,102.5,9.28,83,83,9.89
97,Ushuaia,AR,2020-03-03 01:18:58,-54.8,-68.3,53.6,58,75,34.45
98,New Norfolk,AU,2020-03-03 01:18:15,-42.78,147.06,64.0,45,75,4.7
99,Panshi,CN,2020-03-03 01:22:49,42.94,126.06,15.85,91,70,7.02
100,Coquimbo,CL,2020-03-03 01:22:49,-29.95,-71.34,60.8,87,90,5.82
101,Huai Thalaeng,TH,2020-03-03 01:22:49,15.0,102.65,80.6,74,81,5.82
102,Kavieng,PG,2020-03-03 01:22:49,-2.57,150.8,85.44,70,100,5.59
103,Rikitea,PF,2020-03-03 01:22:28,-23.12,-134.97,80.24,80,100,24.09
104,Tanda,IN,2020-03-03 01:22:50,26.55,82.65,61.56,61,0,2.77
105,Vestmannaeyjar,IS,2020-03-03 01:22:50,63.44,-20.27,39.27,66,73,36.04
106,Ponta Do Sol,PT,2020-03-03 01:22:50,32.67,-17.1,62.6,72,20,2.24
107,Wattegama,LK,2020-03-03 01:22:50,6.8,81.48,75.2,100,5,2.24
108,Los Llanos De Aridane,ES,2020-03-03 01:22:51,28.66,-17.92,64.4,63,10,9.17
109,Bluff,NZ,2020-03-03 01:22:39,-46.6,168.33,61.0,67,97,15.99
110,Hilo,US,2020-03-03 01:22:08,19.73,-155.09,80.6,61,40,20.8
111,Carauari,BR,2020-03-03 01:21:27,-4.88,-66.9,76.24,94,83,2.17
112,Dwarka,IN,2020-03-03 01:22:52,22.24,68.97,74.84,72,0,11.39
113,Yuli,NG,2020-03-03 01:22:52,9.7,10.27,80.1,20,64,5.68
114,Pirenopolis,BR,2020-03-03 01:22:52,-15.85,-48.96,68.0,88,40,2.24
115,Jamestown,US,2020-03-03 01:17:55,42.1,-79.24,46.4,93,90,6.93
116,Laguna,US,2020-03-03 01:19:04,38.42,-121.42,73.99,21,1,18.34
117,Port Alfred,ZA,2020-03-03 01:22:35,-33.59,26.89,64.99,96,1,6.02
118,Voznesenskoye,RU,2020-03-03 01:22:53,54.89,42.76,33.53,83,100,8.81
119,Avarua,CK,2020-03-03 01:22:40,-21.21,-159.78,84.2,83,10,6.93
120,La Palma,US,2020-03-03 01:22:53,33.85,-118.05,73.4,18,1,6.93
121,Ribas Do Rio Pardo,BR,2020-03-03 01:22:53,-20.44,-53.76,68.23,93,40,8.32
122,Carballo,ES,2020-03-03 01:22:54,43.21,-8.69,53.01,93,20,11.41
123,Lompoc,US,2020-03-03 01:21:31,34.64,-120.46,70.0,44,1,9.17
124,Coahuayana,MX,2020-03-03 01:21:59,18.73,-103.68,77.0,57,5,11.41
125,Pisco,PE,2020-03-03 01:22:54,-13.7,-76.22,73.4,88,57,20.8
126,Bethel,US,2020-03-03 01:21:04,41.37,-73.41,53.01,61,90,9.17
127,Hobart,AU,2020-03-03 01:21:43,-42.88,147.33,63.0,45,75,6.93
128,Lorengau,PG,2020-03-03 01:22:55,-2.02,147.27,84.76,70,35,4.14
129,Kirakira,SB,2020-03-03 01:22:55,-10.45,161.92,87.37,65,98,3.02
130,Punta Arenas,CL,2020-03-03 01:22:30,-53.15,-70.92,53.6,71,40,5.82
131,Hasaki,JP,2020-03-03 01:22:56,35.73,140.83,55.99,58,75,8.05
132,Tiksi,RU,2020-03-03 01:22:56,71.69,128.87,6.94,71,100,46.71
133,Rikitea,PF,2020-03-03 01:22:28,-23.12,-134.97,80.24,80,100,24.09
134,Sao Filipe,CV,2020-03-03 01:22:56,14.9,-24.5,75.88,52,0,15.28
135,Barrow,US,2020-03-03 01:19:54,71.29,-156.79,-29.2,91,75,8.05
136,New Norfolk,AU,2020-03-03 01:18:15,-42.78,147.06,64.0,45,75,4.7
137,Dalen,NL,2020-03-03 01:22:57,52.7,6.76,42.01,93,90,8.05
138,Poum,NC,2020-03-03 01:22:57,-20.23,164.02,81.99,75,33,17.09
139,Leshukonskoye,RU,2020-03-03 01:22:57,64.9,45.76,24.58,83,97,11.48
140,Carnarvon,AU,2020-03-03 01:22:41,-24.87,113.63,91.4,49,0,21.92
141,Lima,PE,2020-03-03 01:22:58,-12.04,-77.03,75.2,78,0,13.87
142,Tocopilla,CL,2020-03-03 01:20:29,-22.09,-70.2,63.19,55,0,2.91
143,Provideniya,RU,2020-03-03 01:22:58,64.38,-173.3,6.8,77,75,11.18
144,Kodiak,US,2020-03-03 01:22:58,57.79,-152.41,30.2,30,1,21.92
145,Castro,BR,2020-03-03 01:22:59,-24.79,-50.01,56.91,94,90,7.7
146,Pevek,RU,2020-03-03 01:22:59,69.7,170.31,-4.31,92,100,5.48
147,Yulara,AU,2020-03-03 01:22:59,-25.24,130.99,64.4,100,90,11.41
148,Rikitea,PF,2020-03-03 01:22:28,-23.12,-134.97,80.24,80,100,24.09
149,Mataura,NZ,2020-03-03 01:22:36,-46.19,168.86,61.0,67,100,15.99
150,Hobart,AU,2020-03-03 01:21:43,-42.88,147.33,63.0,45,75,6.93
151,Mahajanga,MG,2020-03-03 01:23:00,-15.72,46.32,78.8,88,20,3.36
152,Cape Town,ZA,2020-03-03 01:22:44,-33.93,18.42,68.0,82,0,6.93
153,Bubaque,GW,2020-03-03 01:23:01,11.28,-15.83,80.44,76,0,10.36
154,Lompoc,US,2020-03-03 01:21:31,34.64,-120.46,70.0,44,1,9.17
155,Talnakh,RU,2020-03-03 01:23:01,69.49,88.4,15.8,92,40,15.66
156,Wanning,CN,2020-03-03 01:23:01,18.8,110.4,73.8,83,60,8.14
157,Lagoa,PT,2020-03-03 01:23:01,39.05,-27.98,63.68,87,93,25.68
158,Sao Joao Da Barra,BR,2020-03-03 01:19:16,-21.64,-41.05,71.28,95,100,7.4
159,Albany,US,2020-03-03 01:22:33,42.6,-73.97,53.6,37,90,8.05
160,Constantine,DZ,2020-03-03 01:23:02,36.37,6.61,44.6,75,75,12.75
161,Port Elizabeth,ZA,2020-03-03 01:22:46,-33.92,25.57,68.0,94,75,2.24
162,Lahat,ID,2020-03-03 01:23:02,-3.8,103.53,70.2,90,91,0.78
163,Severo-Kurilsk,RU,2020-03-03 01:23:03,50.68,156.12,25.65,89,60,4.38
164,Eydhafushi,MV,2020-03-03 01:23:03,5.1,73.07,82.06,67,27,4.7
165,Kalulushi,ZM,2020-03-03 01:23:03,-12.84,28.09,62.13,99,15,4.63
166,Roald,NO,2020-03-03 01:23:03,62.58,6.13,39.2,71,100,6.93
167,Pomabamba,PE,2020-03-03 01:23:03,-8.83,-77.47,43.03,94,90,4.27
168,Byron Bay,AU,2020-03-03 01:23:04,-28.65,153.62,89.01,88,95,12.75
169,Hithadhoo,MV,2020-03-03 01:22:34,-0.6,73.08,83.73,67,52,4.05
170,Kaitangata,NZ,2020-03-03 01:22:40,-46.28,169.85,61.0,80,100,16.71
171,Igarka,RU,2020-03-03 01:23:04,67.47,86.58,7.18,96,74,9.82
172,Busselton,AU,2020-03-03 01:22:37,-33.65,115.33,75.99,33,0,12.68
173,Provideniya,RU,2020-03-03 01:22:58,64.38,-173.3,6.8,77,75,11.18
174,Punta Arenas,CL,2020-03-03 01:22:30,-53.15,-70.92,53.6,71,40,5.82
175,Hilo,US,2020-03-03 01:22:08,19.73,-155.09,80.6,61,40,20.8
176,Huoqiu,CN,2020-03-03 01:23:05,32.34,116.27,41.5,74,0,3.36
177,Aklavik,CA,2020-03-03 01:23:06,68.22,-135.01,-23.8,66,75,5.82
178,Christiansburg,US,2020-03-03 01:23:06,37.13,-80.41,55.99,71,90,6.93
179,Rikitea,PF,2020-03-03 01:22:28,-23.12,-134.97,80.24,80,100,24.09
180,Esperance,AU,2020-03-03 01:22:36,-33.87,121.9,62.6,67,90,9.17
181,Geraldton,AU,2020-03-03 01:23:07,-28.77,114.6,86.0,35,0,27.51
182,Dikson,RU,2020-03-03 01:22:43,73.51,80.55,2.26,98,100,8.75
183,Dossor,KZ,2020-03-03 01:23:07,47.53,52.98,31.93,73,39,10.38
184,Yaan,NG,2020-03-03 01:23:07,7.38,8.57,81.97,60,20,6.08
185,Roma,US,2020-03-03 01:18:56,43.21,-75.46,46.99,93,90,12.62
186,Coahuayana,MX,2020-03-03 01:21:59,18.73,-103.68,77.0,57,5,11.41
187,Whitehorse,CA,2020-03-03 01:22:59,60.72,-135.05,35.6,40,75,4.7
188,Kapaa,US,2020-03-03 01:22:41,22.08,-159.32,77.0,83,90,11.41
189,Pitanga,BR,2020-03-03 01:20:42,-24.76,-51.76,59.67,92,36,5.97
190,Ushuaia,AR,2020-03-03 01:18:58,-54.8,-68.3,53.6,58,75,34.45
191,Upernavik,GL,2020-03-03 01:23:09,72.79,-56.15,-26.46,81,0,4.41
192,Manokwari,ID,2020-03-03 01:23:09,-0.87,134.08,81.07,68,64,1.81
193,College,US,2020-03-03 01:23:09,64.86,-147.8,1.4,70,75,9.17
194,Ucluelet,CA,2020-03-03 01:19:47,48.93,-125.55,48.0,100,90,5.1
195,Pevek,RU,2020-03-03 01:22:59,69.7,170.31,-4.31,92,100,5.48
196,Bethel,US,2020-03-03 01:21:04,41.37,-73.41,53.01,61,90,9.17
197,Busselton,AU,2020-03-03 01:22:37,-33.65,115.33,75.99,33,0,12.68
198,Sarmanovo,RU,2020-03-03 01:23:10,55.26,52.59,37.4,64,82,15.66
199,Thompson,CA,2020-03-03 01:23:10,55.74,-97.86,14.0,72,90,3.36
200,Mar Del Plata,AR,2020-03-03 01:18:21,-38.0,-57.56,78.01,83,33,6.93
201,Avarua,CK,2020-03-03 01:22:40,-21.21,-159.78,84.2,83,10,6.93
202,Ferrol,ES,2020-03-03 01:23:11,43.48,-8.24,53.01,93,20,11.41
203,Kapaa,US,2020-03-03 01:22:41,22.08,-159.32,77.0,83,90,11.41
204,Bethel,US,2020-03-03 01:21:04,41.37,-73.41,53.01,61,90,9.17
205,Salta,AR,2020-03-03 01:23:12,-24.79,-65.41,71.6,82,100,3.36
206,Saint-Philippe,RE,2020-03-03 01:23:12,-21.36,55.77,78.8,83,20,3.36
207,Bredasdorp,ZA,2020-03-03 01:22:37,-34.53,20.04,69.01,93,23,4.7
208,Tuktoyaktuk,CA,2020-03-03 01:22:48,69.45,-133.04,-40.0,65,5,2.24
209,Wanning,CN,2020-03-03 01:23:01,18.8,110.4,73.8,83,60,8.14
210,Namibe,AO,2020-03-03 01:23:12,-15.2,12.15,76.24,69,0,13.73
211,Avarua,CK,2020-03-03 01:22:40,-21.21,-159.78,84.2,83,10,6.93
212,Rocha,UY,2020-03-03 01:23:13,-34.48,-54.33,66.33,81,0,9.91
213,Aklavik,CA,2020-03-03 01:23:06,68.22,-135.01,-23.8,66,75,5.82
214,Hobart,AU,2020-03-03 01:21:43,-42.88,147.33,63.0,45,75,6.93
215,Esna,EG,2020-03-03 01:23:13,25.29,32.55,59.0,47,0,6.26
216,Saint George,US,2020-03-03 01:22:32,37.1,-113.58,57.99,35,1,10.29
217,Ipora,BR,2020-03-03 01:23:14,-16.44,-51.12,70.65,95,18,6.51
218,Anadyr,RU,2020-03-03 01:22:44,64.75,177.48,1.4,70,0,29.08
219,Sibolga,ID,2020-03-03 01:19:48,1.74,98.78,71.24,96,100,3.36
220,Barrow,US,2020-03-03 01:19:54,71.29,-156.79,-29.2,91,75,8.05
221,Winslow,US,2020-03-03 01:23:15,35.02,-110.7,44.6,70,1,6.93
222,Vardo,NO,2020-03-03 01:21:45,70.37,31.11,27.19,78,97,28.3
223,Jamestown,US,2020-03-03 01:17:55,42.1,-79.24,46.4,93,90,6.93
224,Rikitea,PF,2020-03-03 01:22:28,-23.12,-134.97,80.24,80,100,24.09
225,Cape Town,ZA,2020-03-03 01:22:44,-33.93,18.42,68.0,82,0,6.93
226,Erseke,AL,2020-03-03 01:23:16,40.34,20.68,37.44,97,97,7.67
227,Bethel,US,2020-03-03 01:21:04,41.37,-73.41,53.01,61,90,9.17
228,Punta Arenas,CL,2020-03-03 01:22:30,-53.15,-70.92,53.6,71,40,5.82
229,Nishihara,JP,2020-03-03 01:23:16,26.18,127.76,69.8,68,20,10.29
230,Busselton,AU,2020-03-03 01:22:37,-33.65,115.33,75.99,33,0,12.68
231,Mataura,NZ,2020-03-03 01:22:36,-46.19,168.86,61.0,67,100,15.99
232,Karlstad,SE,2020-03-03 01:23:17,59.38,13.5,32.0,95,83,3.36
233,Nanortalik,GL,2020-03-03 01:23:17,60.14,-45.24,15.06,63,0,34.07
234,Launceston,AU,2020-03-03 01:23:17,-41.45,147.17,68.0,42,0,5.82
235,Hobart,AU,2020-03-03 01:21:43,-42.88,147.33,63.0,45,75,6.93
236,Iranduba,BR,2020-03-03 01:23:18,-3.28,-60.19,77.0,94,40,4.7
237,Port Shepstone,ZA,2020-03-03 01:23:18,-30.74,30.45,64.08,81,47,3.8
238,Albany,US,2020-03-03 01:22:33,42.6,-73.97,53.6,37,90,8.05
239,Cotonou,BJ,2020-03-03 01:23:18,6.37,2.42,82.4,88,40,4.7
240,Butaritari,KI,2020-03-03 01:23:19,3.07,172.79,82.74,76,100,20.56
241,Mataura,NZ,2020-03-03 01:22:36,-46.19,168.86,61.0,67,100,15.99
242,Hobart,AU,2020-03-03 01:21:43,-42.88,147.33,63.0,45,75,6.93
243,Albany,US,2020-03-03 01:22:33,42.6,-73.97,53.6,37,90,8.05
244,Rawson,AR,2020-03-03 01:23:19,-43.3,-65.1,67.89,69,4,9.73
245,Port Elizabeth,ZA,2020-03-03 01:22:46,-33.92,25.57,68.0,94,75,2.24
246,Tiksi,RU,2020-03-03 01:22:56,71.69,128.87,6.94,71,100,46.71
247,Casselman,CA,2020-03-03 01:23:20,45.32,-75.08,41.0,100,90,8.21
248,Nhamunda,BR,2020-03-03 01:23:20,-2.19,-56.71,76.95,85,93,3.0
249,Las Vigas,MX,2020-03-03 01:21:17,19.63,-97.08,69.84,62,41,3.0
250,Berlevag,NO,2020-03-03 01:23:21,70.86,29.09,26.6,68,75,25.28
251,Severo-Kurilsk,RU,2020-03-03 01:23:03,50.68,156.12,25.65,89,60,4.38
252,Khatanga,RU,2020-03-03 01:22:48,71.97,102.5,9.28,83,83,9.89
253,Barrow,US,2020-03-03 01:19:54,71.29,-156.79,-29.2,91,75,8.05
254,Kaka,TM,2020-03-03 01:23:21,37.35,59.61,50.13,75,62,17.18
255,Alamogordo,US,2020-03-03 01:23:22,32.9,-105.96,60.8,21,1,10.29
256,Chuy,UY,2020-03-03 01:23:22,-33.7,-53.46,69.19,77,1,13.67
257,Kaitangata,NZ,2020-03-03 01:22:40,-46.28,169.85,61.0,80,100,16.71
258,Tateyama,JP,2020-03-03 01:23:22,34.98,139.87,57.2,54,75,8.05
259,Dover,US,2020-03-03 01:23:14,39.16,-75.52,60.8,44,92,8.05
260,Stornoway,GB,2020-03-03 01:23:23,58.21,-6.39,41.0,93,45,13.87
261,Laerdalsoyri,NO,2020-03-03 01:22:05,61.1,7.48,14.09,88,98,6.69
262,Kaeo,NZ,2020-03-03 01:23:23,-35.1,173.78,84.0,83,40,7.43
263,Dakar,SN,2020-03-03 01:21:10,14.69,-17.44,77.0,38,31,11.41
264,Zyryanka,RU,2020-03-03 01:23:24,65.75,150.85,1.69,82,0,18.19
265,Torbay,CA,2020-03-03 01:23:24,47.67,-52.73,21.99,85,75,18.34
266,Provideniya,RU,2020-03-03 01:22:58,64.38,-173.3,6.8,77,75,11.18
267,Albany,US,2020-03-03 01:22:33,42.6,-73.97,53.6,37,90,8.05
268,Yellowknife,CA,2020-03-03 01:23:25,62.46,-114.35,-2.0,70,75,4.7
269,Nikolskoye,RU,2020-03-03 01:22:48,59.7,30.79,33.01,100,90,4.47
270,Kavaratti,IN,2020-03-03 01:23:25,10.57,72.64,82.65,69,50,4.61
271,Tasiilaq,GL,2020-03-03 01:22:41,65.61,-37.64,28.4,79,99,19.46
272,Busselton,AU,2020-03-03 01:22:37,-33.65,115.33,75.99,33,0,12.68
273,Saint-Philippe,RE,2020-03-03 01:23:12,-21.36,55.77,78.8,83,20,3.36
274,Ribeira Grande,PT,2020-03-03 01:23:26,38.52,-28.7,61.02,95,87,18.03
275,Zhangye,CN,2020-03-03 01:23:26,38.93,100.45,28.58,36,0,2.91
276,Arraial Do Cabo,BR,2020-03-03 01:22:41,-22.97,-42.03,74.1,89,100,16.53
277,Kapaa,US,2020-03-03 01:22:41,22.08,-159.32,77.0,83,90,11.41
278,Hilo,US,2020-03-03 01:22:08,19.73,-155.09,80.6,61,40,20.8
279,Port Elizabeth,ZA,2020-03-03 01:22:46,-33.92,25.57,68.0,94,75,2.24
280,Vestmannaeyjar,IS,2020-03-03 01:22:50,63.44,-20.27,39.27,66,73,36.04
281,Punta Arenas,CL,2020-03-03 01:22:30,-53.15,-70.92,53.6,71,40,5.82
282,Barguzin,RU,2020-03-03 01:23:28,53.62,109.62,-0.6,93,94,2.64
283,Khatanga,RU,2020-03-03 01:22:48,71.97,102.5,9.28,83,83,9.89
284,Nanortalik,GL,2020-03-03 01:23:17,60.14,-45.24,15.06,63,0,34.07
285,Hithadhoo,MV,2020-03-03 01:22:34,-0.6,73.08,83.73,67,52,4.05
286,Saint-Philippe,RE,2020-03-03 01:23:12,-21.36,55.77,78.8,83,20,3.36
287,Olafsvik,IS,2020-03-03 01:23:29,64.89,-23.71,33.39,75,100,21.0
288,Cam Ranh,VN,2020-03-03 01:23:29,11.92,109.16,82.4,74,40,6.93
289,Cherskiy,RU,2020-03-03 01:23:29,68.75,161.3,-4.41,95,100,12.71
290,Bathsheba,BB,2020-03-03 01:21:44,13.22,-59.52,77.0,73,75,6.93
291,Chuy,UY,2020-03-03 01:23:22,-33.7,-53.46,69.19,77,1,13.67
292,Millinocket,US,2020-03-03 01:23:30,45.66,-68.71,36.0,92,90,12.8
293,Grindavik,IS,2020-03-03 01:23:30,63.84,-22.43,33.8,69,90,25.28
294,Arraial Do Cabo,BR,2020-03-03 01:22:41,-22.97,-42.03,74.1,89,100,16.53
295,Butaritari,KI,2020-03-03 01:23:19,3.07,172.79,82.74,76,100,20.56
296,Provideniya,RU,2020-03-03 01:22:58,64.38,-173.3,6.8,77,75,11.18
297,Atherton,GB,2020-03-03 01:23:30,53.52,-2.49,41.0,71,75,5.82
298,Jamestown,US,2020-03-03 01:17:55,42.1,-79.24,46.4,93,90,6.93
299,Bredasdorp,ZA,2020-03-03 01:22:37,-34.53,20.04,69.01,93,23,4.7
300,Rikitea,PF,2020-03-03 01:22:28,-23.12,-134.97,80.24,80,100,24.09
301,Asyut,EG,2020-03-03 01:23:31,27.18,31.18,50.0,66,0,8.05
302,Mataura,NZ,2020-03-03 01:22:36,-46.19,168.86,61.0,67,100,15.99
303,Kloulklubed,PW,2020-03-03 01:23:32,7.04,134.26,84.2,74,75,10.29
304,Punta Arenas,CL,2020-03-03 01:22:30,-53.15,-70.92,53.6,71,40,5.82
305,Laguna,US,2020-03-03 01:19:04,38.42,-121.42,73.99,21,1,18.34
306,Rikitea,PF,2020-03-03 01:22:28,-23.12,-134.97,80.24,80,100,24.09
307,Airai,TL,2020-03-03 01:22:36,-8.93,125.41,75.67,73,98,2.42
308,New Norfolk,AU,2020-03-03 01:18:15,-42.78,147.06,64.0,45,75,4.7
309,Hermanus,ZA,2020-03-03 01:22:41,-34.42,19.23,69.01,86,0,11.01
310,Ostrovnoy,RU,2020-03-03 01:23:33,68.05,39.51,12.25,97,72,9.57
311,Butaritari,KI,2020-03-03 01:23:19,3.07,172.79,82.74,76,100,20.56
312,Krasnoselkup,RU,2020-03-03 01:23:33,65.7,82.47,7.88,96,83,15.66
313,Heihe,CN,2020-03-03 01:23:33,50.24,127.49,17.6,61,99,3.04
314,Bluff,NZ,2020-03-03 01:22:39,-46.6,168.33,61.0,67,97,15.99
315,Norman Wells,CA,2020-03-03 01:19:26,65.28,-126.83,-11.2,69,90,8.05
316,Lata,PT,2020-03-03 01:23:34,40.16,-8.33,59.0,87,20,3.36
317,Kurilsk,RU,2020-03-03 01:23:34,45.23,147.88,25.84,85,100,16.6
318,Albany,US,2020-03-03 01:22:33,42.6,-73.97,53.6,37,90,8.05
319,Rikitea,PF,2020-03-03 01:22:28,-23.12,-134.97,80.24,80,100,24.09
320,Hermanus,ZA,2020-03-03 01:22:41,-34.42,19.23,69.01,86,0,11.01
321,Allapalli,IN,2020-03-03 01:23:35,19.42,80.07,69.66,59,0,3.56
322,Sakakah,SA,2020-03-03 01:23:35,29.97,40.21,48.2,57,0,3.85
323,Vao,NC,2020-03-03 01:23:35,-22.67,167.48,78.58,76,100,9.6
324,Yerbogachen,RU,2020-03-03 01:23:36,61.28,108.01,-1.05,97,75,6.44
325,Alwar,IN,2020-03-03 01:23:36,27.57,76.6,60.98,56,0,0.58
326,Bujanovac,RS,2020-03-03 01:23:36,42.46,21.77,53.6,66,100,6.93
327,Qaanaaq,GL,2020-03-03 01:22:43,77.48,-69.36,-22.77,53,11,2.46
328,Nsanje,MW,2020-03-03 01:23:36,-16.92,35.26,65.59,96,54,2.33
329,Albany,US,2020-03-03 01:22:33,42.6,-73.97,53.6,37,90,8.05
330,Ostrovnoy,RU,2020-03-03 01:23:33,68.05,39.51,12.25,97,72,9.57
331,Saint-Philippe,RE,2020-03-03 01:23:12,-21.36,55.77,78.8,83,20,3.36
332,Port Elizabeth,ZA,2020-03-03 01:22:46,-33.92,25.57,68.0,94,75,2.24
333,Sao Felix Do Xingu,BR,2020-03-03 01:23:37,-6.64,-51.99,74.82,88,58,0.98
334,Touros,BR,2020-03-03 01:23:38,-5.2,-35.46,80.6,83,20,2.24
335,Mahibadhoo,MV,2020-03-03 01:21:05,3.78,72.97,82.15,73,60,6.71
336,Qaanaaq,GL,2020-03-03 01:22:43,77.48,-69.36,-22.77,53,11,2.46
337,Jamestown,US,2020-03-03 01:17:55,42.1,-79.24,46.4,93,90,6.93
338,Xuddur,SO,2020-03-03 01:23:38,4.12,43.89,69.33,81,24,10.8
339,Punta Arenas,CL,2020-03-03 01:22:30,-53.15,-70.92,53.6,71,40,5.82
340,Rikitea,PF,2020-03-03 01:22:28,-23.12,-134.97,80.24,80,100,24.09
341,Rikitea,PF,2020-03-03 01:22:28,-23.12,-134.97,80.24,80,100,24.09
342,Yellowknife,CA,2020-03-03 01:23:25,62.46,-114.35,-2.0,70,75,4.7
343,Albany,US,2020-03-03 01:22:33,42.6,-73.97,53.6,37,90,8.05
344,Geraldton,AU,2020-03-03 01:23:07,-28.77,114.6,86.0,35,0,27.51
345,Avarua,CK,2020-03-03 01:22:40,-21.21,-159.78,84.2,83,10,6.93
346,Hermanus,ZA,2020-03-03 01:22:41,-34.42,19.23,69.01,86,0,11.01
347,Mataura,NZ,2020-03-03 01:22:36,-46.19,168.86,61.0,67,100,15.99
348,Tuatapere,NZ,2020-03-03 01:22:44,-46.13,167.68,61.0,67,100,15.99
349,Rikitea,PF,2020-03-03 01:22:28,-23.12,-134.97,80.24,80,100,24.09
350,Hobart,AU,2020-03-03 01:21:43,-42.88,147.33,63.0,45,75,6.93
351,Jamestown,US,2020-03-03 01:17:55,42.1,-79.24,46.4,93,90,6.93
352,Ismailia,EG,2020-03-03 01:19:32,30.6,32.27,54.25,73,0,9.1
353,Hobart,AU,2020-03-03 01:21:43,-42.88,147.33,63.0,45,75,6.93
354,Atuona,PF,2020-03-03 01:22:42,-9.8,-139.03,82.22,74,28,16.08
355,Albany,US,2020-03-03 01:22:33,42.6,-73.97,53.6,37,90,8.05
356,Warrington,GB,2020-03-03 01:23:42,53.39,-2.58,39.99,80,68,6.93
357,Ushuaia,AR,2020-03-03 01:18:58,-54.8,-68.3,53.6,58,75,34.45
358,Gilroy,US,2020-03-03 01:23:42,37.01,-121.57,71.6,31,1,9.17
359,Mount Gambier,AU,2020-03-03 01:23:43,-37.83,140.77,64.4,59,90,18.34
360,Jamestown,US,2020-03-03 01:17:55,42.1,-79.24,46.4,93,90,6.93
361,Lesnoy,RU,2020-03-03 01:23:43,57.62,63.08,32.88,90,100,13.73
362,Saint-Augustin,CA,2020-03-03 01:23:43,51.23,-58.65,11.3,95,0,9.86
363,Hermanus,ZA,2020-03-03 01:22:41,-34.42,19.23,69.01,86,0,11.01
364,Yellowknife,CA,2020-03-03 01:23:25,62.46,-114.35,-2.0,70,75,4.7
365,Svetlyy,RU,2020-03-03 01:23:44,54.67,20.13,41.0,100,75,6.71
366,Salalah,OM,2020-03-03 01:23:44,17.02,54.09,71.6,73,0,4.7
367,Hobart,AU,2020-03-03 01:21:43,-42.88,147.33,63.0,45,75,6.93
368,New Norfolk,AU,2020-03-03 01:18:15,-42.78,147.06,64.0,45,75,4.7
369,Berlevag,NO,2020-03-03 01:23:21,70.86,29.09,26.6,68,75,25.28
370,Benguela,AO,2020-03-03 01:23:45,-12.58,13.41,78.31,78,0,2.98
371,Egvekinot,RU,2020-03-03 01:23:45,66.32,-179.17,-4.41,81,31,7.34
372,Illapel,CL,2020-03-03 01:23:46,-31.63,-71.17,59.43,70,0,2.17
373,Leningradskiy,RU,2020-03-03 01:22:38,69.38,178.42,-1.59,83,97,28.74
374,Airai,TL,2020-03-03 01:22:36,-8.93,125.41,75.67,73,98,2.42
375,Miandrivazo,MG,2020-03-03 01:23:46,-19.52,45.47,74.68,89,7,0.94
376,Zhezkazgan,KZ,2020-03-03 01:22:32,47.8,67.71,12.2,85,8,13.42
377,Mataura,NZ,2020-03-03 01:22:36,-46.19,168.86,61.0,67,100,15.99
378,Rikitea,PF,2020-03-03 01:22:28,-23.12,-134.97,80.24,80,100,24.09
379,Rikitea,PF,2020-03-03 01:22:28,-23.12,-134.97,80.24,80,100,24.09
380,Rikitea,PF,2020-03-03 01:22:28,-23.12,-134.97,80.24,80,100,24.09
381,Belmonte,BR,2020-03-03 01:23:47,-15.86,-38.88,80.6,74,20,11.41
382,Hermanus,ZA,2020-03-03 01:22:41,-34.42,19.23,69.01,86,0,11.01
383,Barrow,US,2020-03-03 01:19:54,71.29,-156.79,-29.2,91,75,8.05
384,Rikitea,PF,2020-03-03 01:22:28,-23.12,-134.97,80.24,80,100,24.09
385,Ushuaia,AR,2020-03-03 01:18:58,-54.8,-68.3,53.6,58,75,34.45
386,Port Alfred,ZA,2020-03-03 01:22:35,-33.59,26.89,64.99,96,1,6.02
387,Punta Arenas,CL,2020-03-03 01:22:30,-53.15,-70.92,53.6,71,40,5.82
388,Mahebourg,MU,2020-03-03 01:22:29,-20.41,57.7,80.6,94,75,3.36
389,Adrar,MR,2020-03-03 01:22:46,20.5,-10.07,71.22,8,0,10.67
390,Komsomolskiy,UZ,2020-03-03 01:23:49,40.43,71.72,46.4,81,43,2.24
391,Millinocket,US,2020-03-03 01:23:30,45.66,-68.71,36.0,92,90,12.8
392,Las Cruces,US,2020-03-03 01:23:49,32.31,-106.78,63.0,22,1,9.17
393,Darlowo,PL,2020-03-03 01:23:50,54.42,16.41,39.99,93,87,3.42
394,Port Elizabeth,ZA,2020-03-03 01:22:46,-33.92,25.57,68.0,94,75,2.24
395,Hobart,AU,2020-03-03 01:21:43,-42.88,147.33,63.0,45,75,6.93
396,Yellowknife,CA,2020-03-03 01:23:25,62.46,-114.35,-2.0,70,75,4.7
397,New Norfolk,AU,2020-03-03 01:18:15,-42.78,147.06,64.0,45,75,4.7
398,Bredasdorp,ZA,2020-03-03 01:22:37,-34.53,20.04,69.01,93,23,4.7
399,Ilulissat,GL,2020-03-03 01:23:51,69.22,-51.1,-20.2,50,12,4.7
400,Mataura,NZ,2020-03-03 01:22:36,-46.19,168.86,61.0,67,100,15.99
401,Ushuaia,AR,2020-03-03 01:18:58,-54.8,-68.3,53.6,58,75,34.45
402,Conde,BR,2020-03-03 01:19:02,-7.26,-34.91,80.6,83,6,4.7
403,Barrow,US,2020-03-03 01:19:54,71.29,-156.79,-29.2,91,75,8.05
404,Bunia,CD,2020-03-03 01:23:52,1.57,30.25,72.01,77,84,5.41
405,Jamestown,US,2020-03-03 01:17:55,42.1,-79.24,46.4,93,90,6.93
406,Qaanaaq,GL,2020-03-03 01:22:43,77.48,-69.36,-22.77,53,11,2.46
407,Cape Town,ZA,2020-03-03 01:22:44,-33.93,18.42,68.0,82,0,6.93
408,Geghamasar,AM,2020-03-03 01:23:53,40.31,45.68,23.16,90,56,3.06
409,Los Llanos De Aridane,ES,2020-03-03 01:22:51,28.66,-17.92,64.4,63,10,9.17
410,Kaitangata,NZ,2020-03-03 01:22:40,-46.28,169.85,61.0,80,100,16.71
411,San Patricio,MX,2020-03-03 01:23:53,19.22,-104.7,78.8,78,5,11.41
412,Kapaa,US,2020-03-03 01:22:41,22.08,-159.32,77.0,83,90,11.41
413,Hermanus,ZA,2020-03-03 01:22:41,-34.42,19.23,69.01,86,0,11.01
414,Castro,BR,2020-03-03 01:22:59,-24.79,-50.01,56.91,94,90,7.7
415,Bengkulu,ID,2020-03-03 01:23:54,-3.8,102.27,74.93,89,90,3.76
416,Hithadhoo,MV,2020-03-03 01:22:34,-0.6,73.08,83.73,67,52,4.05
417,Butaritari,KI,2020-03-03 01:23:19,3.07,172.79,82.74,76,100,20.56
418,Albany,US,2020-03-03 01:22:33,42.6,-73.97,53.6,37,90,8.05
419,Camacha,PT,2020-03-03 01:23:55,33.08,-16.33,62.6,93,40,3.36
420,Bria,CF,2020-03-03 01:23:55,6.54,21.99,70.86,28,63,2.28
421,Mangai,CD,2020-03-03 01:23:56,-4.05,19.53,73.31,95,93,2.28
422,Kano,NG,2020-03-03 01:19:08,12.0,8.52,79.11,15,3,7.38
423,San Nicolas,PH,2020-03-03 01:23:56,18.17,120.6,84.2,58,40,3.36
424,Novobirilyussy,RU,2020-03-03 01:23:56,56.95,90.67,22.59,91,100,7.11
425,Jamestown,US,2020-03-03 01:17:55,42.1,-79.24,46.4,93,90,6.93
426,Havelock,US,2020-03-03 01:23:57,34.88,-76.9,63.0,63,1,11.41
427,Rikitea,PF,2020-03-03 01:22:28,-23.12,-134.97,80.24,80,100,24.09
428,Torbay,CA,2020-03-03 01:23:24,47.67,-52.73,21.99,85,75,18.34
429,Yatou,CN,2020-03-03 01:23:57,37.15,122.38,38.62,63,21,9.06
430,Mataura,NZ,2020-03-03 01:22:36,-46.19,168.86,61.0,67,100,15.99
431,Nanortalik,GL,2020-03-03 01:23:17,60.14,-45.24,15.06,63,0,34.07
432,Airai,TL,2020-03-03 01:22:36,-8.93,125.41,75.67,73,98,2.42
433,Tuatapere,NZ,2020-03-03 01:22:44,-46.13,167.68,61.0,67,100,15.99
434,Rocha,UY,2020-03-03 01:23:13,-34.48,-54.33,66.33,81,0,9.91
435,Busselton,AU,2020-03-03 01:22:37,-33.65,115.33,75.99,33,0,12.68
436,Kavaratti,IN,2020-03-03 01:23:25,10.57,72.64,82.65,69,50,4.61
437,Saint George,US,2020-03-03 01:22:32,37.1,-113.58,57.99,35,1,10.29
438,Tuktoyaktuk,CA,2020-03-03 01:22:48,69.45,-133.04,-40.0,65,5,2.24
439,Zhigansk,RU,2020-03-03 01:24:00,66.77,123.37,-9.47,95,91,18.54
440,Ostrovnoy,RU,2020-03-03 01:23:33,68.05,39.51,12.25,97,72,9.57
441,Imbituba,BR,2020-03-03 01:22:48,-28.24,-48.67,68.0,100,75,5.82
442,Punta Arenas,CL,2020-03-03 01:22:30,-53.15,-70.92,53.6,71,40,5.82
443,Busselton,AU,2020-03-03 01:22:37,-33.65,115.33,75.99,33,0,12.68
444,Isiro,CD,2020-03-03 01:24:01,2.77,27.62,70.39,70,76,2.71
445,Nikolskoye,RU,2020-03-03 01:22:48,59.7,30.79,33.01,100,90,4.47
446,Bluff,NZ,2020-03-03 01:22:39,-46.6,168.33,61.0,67,97,15.99
447,Bredasdorp,ZA,2020-03-03 01:22:37,-34.53,20.04,69.01,93,23,4.7
448,Jamestown,US,2020-03-03 01:17:55,42.1,-79.24,46.4,93,90,6.93
449,Albany,US,2020-03-03 01:22:33,42.6,-73.97,53.6,37,90,8.05
450,Rikitea,PF,2020-03-03 01:22:28,-23.12,-134.97,80.24,80,100,24.09
451,Ponta Do Sol,PT,2020-03-03 01:22:50,32.67,-17.1,62.6,72,20,2.24
452,Nikolskoye,RU,2020-03-03 01:22:48,59.7,30.79,33.01,100,90,4.47
453,Merauke,ID,2020-03-03 01:24:03,-8.47,140.33,87.42,72,99,1.83
454,Mar Del Plata,AR,2020-03-03 01:18:21,-38.0,-57.56,78.01,83,33,6.93
455,Daru,PG,2020-03-03 01:24:03,-9.08,143.21,84.38,84,29,5.53
456,Mataura,NZ,2020-03-03 01:22:36,-46.19,168.86,61.0,67,100,15.99
457,Kodiak,US,2020-03-03 01:22:58,57.79,-152.41,30.2,30,1,21.92
458,Bluff,NZ,2020-03-03 01:22:39,-46.6,168.33,61.0,67,97,15.99
459,Kodiak,US,2020-03-03 01:22:58,57.79,-152.41,30.2,30,1,21.92
460,Irtyshskiy,RU,2020-03-03 01:24:04,58.33,68.13,24.37,95,99,7.74
461,Cherskiy,RU,2020-03-03 01:23:29,68.75,161.3,-4.41,95,100,12.71
462,Albany,US,2020-03-03 01:22:33,42.6,-73.97,53.6,37,90,8.05
463,Mataura,NZ,2020-03-03 01:22:36,-46.19,168.86,61.0,67,100,15.99
464,Anadyr,RU,2020-03-03 01:22:44,64.75,177.48,1.4,70,0,29.08
465,Kaitangata,NZ,2020-03-03 01:22:40,-46.28,169.85,61.0,80,100,16.71
466,Hermanus,ZA,2020-03-03 01:22:41,-34.42,19.23,69.01,86,0,11.01
467,Port Elizabeth,ZA,2020-03-03 01:22:46,-33.92,25.57,68.0,94,75,2.24
468,Samarkand,UZ,2020-03-03 01:24:05,39.65,66.96,51.8,66,99,11.41
469,Okhotsk,RU,2020-03-03 01:24:06,59.38,143.3,9.54,69,0,0.22
470,Cape Town,ZA,2020-03-03 01:22:44,-33.93,18.42,68.0,82,0,6.93
471,Shagamu,NG,2020-03-03 01:24:06,6.84,3.65,73.4,100,75,3.36
472,Quatre Cocos,MU,2020-03-03 01:24:06,-20.21,57.76,80.6,94,75,3.36
473,Hermanus,ZA,2020-03-03 01:22:41,-34.42,19.23,69.01,86,0,11.01
474,Albany,US,2020-03-03 01:22:33,42.6,-73.97,53.6,37,90,8.05
475,Yellowknife,CA,2020-03-03 01:23:25,62.46,-114.35,-2.0,70,75,4.7
476,Chuy,UY,2020-03-03 01:23:22,-33.7,-53.46,69.19,77,1,13.67
477,Cape Town,ZA,2020-03-03 01:22:44,-33.93,18.42,68.0,82,0,6.93
478,Tucuman,AR,2020-03-03 01:24:08,-26.82,-65.22,75.2,78,0,5.82
479,Coquimbo,CL,2020-03-03 01:22:49,-29.95,-71.34,60.8,87,90,5.82
480,Sao Joao Da Barra,BR,2020-03-03 01:19:16,-21.64,-41.05,71.28,95,100,7.4
481,Nemuro,JP,2020-03-03 01:24:08,43.32,145.57,28.4,74,75,11.41
482,Hermanus,ZA,2020-03-03 01:22:41,-34.42,19.23,69.01,86,0,11.01
483,Rikitea,PF,2020-03-03 01:22:28,-23.12,-134.97,80.24,80,100,24.09
484,Asau,RO,2020-03-03 01:24:09,46.43,26.4,43.0,87,94,6.93
485,Saint-Leu,RE,2020-03-03 01:24:09,-21.15,55.28,78.8,83,20,3.36
486,Victoria,HK,2020-03-03 01:24:08,22.29,114.16,71.01,72,40,17.22
487,Castro,BR,2020-03-03 01:22:59,-24.79,-50.01,56.91,94,90,7.7
488,East London,ZA,2020-03-03 01:24:10,-33.02,27.91,72.12,81,6,6.87
489,Indramayu,ID,2020-03-03 01:24:10,-6.33,108.32,78.73,83,99,4.21
490,Luderitz,NA,2020-03-03 01:24:10,-26.65,15.16,68.0,82,5,4.7
491,Bethel,US,2020-03-03 01:21:04,41.37,-73.41,53.01,61,90,9.17
492,Kodiak,US,2020-03-03 01:22:58,57.79,-152.41,30.2,30,1,21.92
493,Necochea,AR,2020-03-03 01:21:41,-38.55,-58.74,79.0,76,42,8.01
494,Bengkulu,ID,2020-03-03 01:23:54,-3.8,102.27,74.93,89,90,3.76
495,Kapaa,US,2020-03-03 01:22:41,22.08,-159.32,77.0,83,90,11.41
496,Esperance,AU,2020-03-03 01:22:36,-33.87,121.9,62.6,67,90,9.17
497,Dunedin,NZ,2020-03-03 01:24:12,-45.87,170.5,61.0,80,100,15.7
498,Chuy,UY,2020-03-03 01:23:22,-33.7,-53.46,69.19,77,1,13.67
499,Kimbe,PG,2020-03-03 01:24:12,-5.55,150.14,88.38,63,95,1.95
500,Kisangani,CD,2020-03-03 01:24:12,0.52,25.2,74.19,79,55,2.48
501,Albany,US,2020-03-03 01:22:33,42.6,-73.97,53.6,37,90,8.05
502,Vaini,TO,2020-03-03 01:22:29,-21.2,-175.2,86.0,70,20,10.29
503,Victoria,HK,2020-03-03 01:24:08,22.29,114.16,71.01,72,40,17.22
504,Dicabisagan,PH,2020-03-03 01:24:13,17.08,122.42,76.03,69,92,7.11
505,Bluff,NZ,2020-03-03 01:22:39,-46.6,168.33,61.0,67,97,15.99
506,Pevek,RU,2020-03-03 01:22:59,69.7,170.31,-4.31,92,100,5.48
507,Beringovskiy,RU,2020-03-03 01:24:14,63.05,179.32,6.28,71,8,17.83
508,Esperance,AU,2020-03-03 01:22:36,-33.87,121.9,62.6,67,90,9.17
509,Antalaha,MG,2020-03-03 01:24:14,-14.9,50.28,80.69,76,0,15.26
510,Longyearbyen,SJ,2020-03-03 01:24:14,78.22,15.64,-2.2,70,75,6.93
511,Djambala,CG,2020-03-03 01:24:14,-2.54,14.75,68.4,89,98,3.31
512,Hobart,AU,2020-03-03 01:21:43,-42.88,147.33,63.0,45,75,6.93
513,Mataura,NZ,2020-03-03 01:22:36,-46.19,168.86,61.0,67,100,15.99
514,Georgetown,MY,2020-03-03 01:20:17,5.41,100.34,80.6,78,20,6.93
515,Soyo,AO,2020-03-03 01:24:15,-6.13,12.37,78.76,86,84,1.57
516,Mombasa,KE,2020-03-03 01:24:15,-4.05,39.66,77.0,94,75,1.39
517,Huarmey,PE,2020-03-03 01:24:16,-10.07,-78.15,72.21,74,73,4.09
518,Saint-Philippe,RE,2020-03-03 01:23:12,-21.36,55.77,78.8,83,20,3.36
519,Kangaba,ML,2020-03-03 01:24:16,11.93,-8.42,74.77,11,0,3.33
520,Bengkulu,ID,2020-03-03 01:23:54,-3.8,102.27,74.93,89,90,3.76
521,Cherskiy,RU,2020-03-03 01:23:29,68.75,161.3,-4.41,95,100,12.71
522,Castro,BR,2020-03-03 01:22:59,-24.79,-50.01,56.91,94,90,7.7
523,Malartic,CA,2020-03-03 01:24:17,48.13,-78.13,33.8,88,75,3.36
524,Yaring,TH,2020-03-03 01:24:17,6.87,101.37,77.0,88,20,5.82
525,Bluff,NZ,2020-03-03 01:22:39,-46.6,168.33,61.0,67,97,15.99
526,Rikitea,PF,2020-03-03 01:22:28,-23.12,-134.97,80.24,80,100,24.09
527,Potam,MX,2020-03-03 01:24:18,27.6,-110.38,66.2,63,75,7.92
528,Tuktoyaktuk,CA,2020-03-03 01:22:48,69.45,-133.04,-40.0,65,5,2.24
529,Chuy,UY,2020-03-03 01:23:22,-33.7,-53.46,69.19,77,1,13.67
530,Bilibino,RU,2020-03-03 01:24:18,68.05,166.44,-9.99,97,100,5.01
531,Ushuaia,AR,2020-03-03 01:18:58,-54.8,-68.3,53.6,58,75,34.45
532,Narsaq,GL,2020-03-03 01:24:19,60.92,-46.05,-0.4,44,0,10.29
533,Ushuaia,AR,2020-03-03 01:18:58,-54.8,-68.3,53.6,58,75,34.45
534,Kolda,SN,2020-03-03 01:24:19,12.88,-14.95,73.4,60,0,1.57
535,Mitu,CO,2020-03-03 01:23:14,1.2,-70.17,75.51,93,83,2.21
536,Thompson,CA,2020-03-03 01:23:10,55.74,-97.86,14.0,72,90,3.36
537,Punta Arenas,CL,2020-03-03 01:22:30,-53.15,-70.92,53.6,71,40,5.82
538,Mahebourg,MU,2020-03-03 01:22:29,-20.41,57.7,80.6,94,75,3.36
539,Vaini,TO,2020-03-03 01:22:29,-21.2,-175.2,86.0,70,20,10.29
540,Mataura,NZ,2020-03-03 01:22:36,-46.19,168.86,61.0,67,100,15.99
541,Saint Anthony,US,2020-03-03 01:23:50,45.02,-93.22,33.8,80,1,10.29
542,Luoyang,CN,2020-03-03 01:24:21,34.68,112.45,44.64,60,100,0.72
543,Port Lincoln,AU,2020-03-03 01:24:21,-34.73,135.87,61.16,72,85,17.4
544,Namibe,AO,2020-03-03 01:23:12,-15.2,12.15,76.24,69,0,13.73
545,Avarua,CK,2020-03-03 01:22:40,-21.21,-159.78,84.2,83,10,6.93
546,Ilulissat,GL,2020-03-03 01:23:51,69.22,-51.1,-20.2,50,12,4.7
547,Hofn,IS,2020-03-03 01:24:22,64.25,-15.21,37.87,67,99,35.84
548,Homer,US,2020-03-03 01:24:22,59.64,-151.55,24.8,62,20,17.22
549,Nhulunbuy,AU,2020-03-03 01:24:23,-12.23,136.77,86.0,74,75,11.41
550,Rikitea,PF,2020-03-03 01:22:28,-23.12,-134.97,80.24,80,100,24.09
551,Mataura,NZ,2020-03-03 01:22:36,-46.19,168.86,61.0,67,100,15.99
552,Hilo,US,2020-03-03 01:22:08,19.73,-155.09,80.6,61,40,20.8
553,Atuona,PF,2020-03-03 01:22:42,-9.8,-139.03,82.22,74,28,16.08
554,Rikitea,PF,2020-03-03 01:22:28,-23.12,-134.97,80.24,80,100,24.09
555,Rocha,UY,2020-03-03 01:23:13,-34.48,-54.33,66.33,81,0,9.91
556,Bluff,NZ,2020-03-03 01:22:39,-46.6,168.33,61.0,67,97,15.99
557,Yellowknife,CA,2020-03-03 01:23:25,62.46,-114.35,-2.0,70,75,4.7
558,Edgewater,US,2020-03-03 01:24:24,28.99,-80.9,70.0,72,1,9.17
559,Roma,US,2020-03-03 01:18:56,43.21,-75.46,46.99,93,90,12.62
560,Kiama,AU,2020-03-03 01:24:25,-34.68,150.87,69.01,77,90,6.93
561,Ponta Do Sol,PT,2020-03-03 01:22:50,32.67,-17.1,62.6,72,20,2.24
562,Puerto Ayora,EC,2020-03-03 01:22:40,-0.74,-90.35,82.4,74,20,11.41
563,Ostrovnoy,RU,2020-03-03 01:23:33,68.05,39.51,12.25,97,72,9.57
564,Port Elizabeth,ZA,2020-03-03 01:22:46,-33.92,25.57,68.0,94,75,2.24
565,Ushuaia,AR,2020-03-03 01:18:58,-54.8,-68.3,53.6,58,75,34.45
566,Richards Bay,ZA,2020-03-03 01:24:26,-28.78,32.04,73.92,76,52,18.23
567,Meulaboh,ID,2020-03-03 01:24:26,4.14,96.13,82.22,77,99,6.46
568,Butaritari,KI,2020-03-03 01:23:19,3.07,172.79,82.74,76,100,20.56
569,Coahuayana,MX,2020-03-03 01:21:59,18.73,-103.68,77.0,57,5,11.41
570,Victoria,HK,2020-03-03 01:24:08,22.29,114.16,71.01,72,40,17.22
571,Paamiut,GL,2020-03-03 01:24:27,61.99,-49.67,-5.82,63,0,13.33
572,Salantai,LT,2020-03-03 01:24:27,56.07,21.57,41.0,93,100,4.7
573,Albany,US,2020-03-03 01:22:33,42.6,-73.97,53.6,37,90,8.05
574,Kurayoshi,JP,2020-03-03 01:24:27,35.43,133.82,51.8,70,75,13.87
575,Bluff,NZ,2020-03-03 01:22:39,-46.6,168.33,61.0,67,97,15.99
576,Hermanus,ZA,2020-03-03 01:22:41,-34.42,19.23,69.01,86,0,11.01
577,Namibe,AO,2020-03-03 01:23:12,-15.2,12.15,76.24,69,0,13.73
578,Albany,US,2020-03-03 01:22:33,42.6,-73.97,53.6,37,90,8.05
579,Gaoua,BF,2020-03-03 01:24:28,10.3,-3.25,77.31,14,9,3.44
580,Bredasdorp,ZA,2020-03-03 01:22:37,-34.53,20.04,69.01,93,23,4.7
581,Kavaratti,IN,2020-03-03 01:23:25,10.57,72.64,82.65,69,50,4.61
582,Agirish,RU,2020-03-03 01:24:29,61.92,63.02,20.1,93,40,7.96
583,Vaini,TO,2020-03-03 01:22:29,-21.2,-175.2,86.0,70,20,10.29
584,Rikitea,PF,2020-03-03 01:22:28,-23.12,-134.97,80.24,80,100,24.09
585,Kysyl-Syr,RU,2020-03-03 01:24:30,63.9,122.76,-11.58,99,94,3.91
586,Albany,US,2020-03-03 01:22:33,42.6,-73.97,53.6,37,90,8.05
587,Mar Del Plata,AR,2020-03-03 01:18:21,-38.0,-57.56,78.01,83,33,6.93
588,Ushuaia,AR,2020-03-03 01:18:58,-54.8,-68.3,53.6,58,75,34.45
589,Pangnirtung,CA,2020-03-03 01:24:30,66.15,-65.71,-16.15,53,6,4.68
590,San Cristobal,VE,2020-03-03 01:24:28,7.77,-72.22,84.2,62,40,4.7
591,Salalah,OM,2020-03-03 01:23:44,17.02,54.09,71.6,73,0,4.7
592,Cidreira,BR,2020-03-03 01:24:31,-30.18,-50.21,73.38,75,7,22.35
593,Ushuaia,AR,2020-03-03 01:18:58,-54.8,-68.3,53.6,58,75,34.45
594,Punta Arenas,CL,2020-03-03 01:22:30,-53.15,-70.92,53.6,71,40,5.82
595,Ushuaia,AR,2020-03-03 01:18:58,-54.8,-68.3,53.6,58,75,34.45
596,Havoysund,NO,2020-03-03 01:24:32,71.0,24.66,24.8,79,75,35.57
597,Jamestown,US,2020-03-03 01:17:55,42.1,-79.24,46.4,93,90,6.93
598,Cassilandia,BR,2020-03-03 01:23:29,-19.11,-51.73,67.89,96,23,3.94
599,Kaitangata,NZ,2020-03-03 01:22:40,-46.28,169.85,61.0,80,100,16.71
600,Provideniya,RU,2020-03-03 01:22:58,64.38,-173.3,6.8,77,75,11.18
601,Torbay,CA,2020-03-03 01:23:24,47.67,-52.73,21.99,85,75,18.34
602,Ushuaia,AR,2020-03-03 01:18:58,-54.8,-68.3,53.6,58,75,34.45
603,Punta Arenas,CL,2020-03-03 01:22:30,-53.15,-70.92,53.6,71,40,5.82
604,Samarai,PG,2020-03-03 01:24:33,-10.62,150.67,86.65,63,74,3.24
605,Plettenberg Bay,ZA,2020-03-03 01:24:34,-34.05,23.37,65.44,92,5,4.54
606,Saskylakh,RU,2020-03-03 01:24:34,71.92,114.08,13.96,83,100,14.14
607,Coquimbo,CL,2020-03-03 01:22:49,-29.95,-71.34,60.8,87,90,5.82
608,Castro,BR,2020-03-03 01:22:59,-24.79,-50.01,56.91,94,90,7.7
609,Faanui,PF,2020-03-03 01:24:34,-16.48,-151.75,83.64,74,82,13.82
610,Puerto Ayora,EC,2020-03-03 01:22:40,-0.74,-90.35,82.4,74,20,11.41
611,Alta Floresta,BR,2020-03-03 01:24:35,-9.88,-56.09,68.76,97,100,7.4
612,Burnie,AU,2020-03-03 01:24:35,-41.07,145.92,66.99,49,0,13.0
613,Khandyga,RU,2020-03-03 01:24:35,62.67,135.6,-5.69,97,0,0.98
614,Lavrentiya,RU,2020-03-03 01:24:36,65.58,-171.0,2.43,76,100,4.29
615,Longyearbyen,SJ,2020-03-03 01:24:14,78.22,15.64,-2.2,70,75,6.93
616,Lorengau,PG,2020-03-03 01:22:55,-2.02,147.27,84.76,70,35,4.14
617,Butaritari,KI,2020-03-03 01:23:19,3.07,172.79,82.74,76,100,20.56
618,Albany,US,2020-03-03 01:22:33,42.6,-73.97,53.6,37,90,8.05
619,Hithadhoo,MV,2020-03-03 01:22:34,-0.6,73.08,83.73,67,52,4.05
620,Nanortalik,GL,2020-03-03 01:23:17,60.14,-45.24,15.06,63,0,34.07
621,Cape Town,ZA,2020-03-03 01:22:44,-33.93,18.42,68.0,82,0,6.93
622,Krasnoselkup,RU,2020-03-03 01:23:33,65.7,82.47,7.88,96,83,15.66
623,Bonavista,CA,2020-03-03 01:24:38,48.65,-53.11,21.76,80,74,18.77
624,Mar Del Plata,AR,2020-03-03 01:18:21,-38.0,-57.56,78.01,83,33,6.93
625,Albany,US,2020-03-03 01:22:33,42.6,-73.97,53.6,37,90,8.05
626,Kapaa,US,2020-03-03 01:22:41,22.08,-159.32,77.0,83,90,11.41
627,Bredasdorp,ZA,2020-03-03 01:22:37,-34.53,20.04,69.01,93,23,4.7
628,Jumla,NP,2020-03-03 01:22:08,29.27,82.18,28.62,74,75,4.32
629,Cascais,PT,2020-03-03 01:22:31,38.7,-9.42,55.0,87,60,5.82
630,Iqaluit,CA,2020-03-03 01:24:39,63.75,-68.51,-2.0,77,90,4.7
631,Chumikan,RU,2020-03-03 01:24:39,54.72,135.31,10.8,86,20,1.74
632,Ostrovnoy,RU,2020-03-03 01:23:33,68.05,39.51,12.25,97,72,9.57
633,Kapaa,US,2020-03-03 01:22:41,22.08,-159.32,77.0,83,90,11.41
634,Hermanus,ZA,2020-03-03 01:22:41,-34.42,19.23,69.01,86,0,11.01
635,Leningradskiy,RU,2020-03-03 01:22:38,69.38,178.42,-1.59,83,97,28.74
636,Katherine,AU,2020-03-03 01:24:41,-14.47,132.27,86.0,70,90,13.87
637,Pisco,PE,2020-03-03 01:22:54,-13.7,-76.22,73.4,88,57,20.8
638,New Norfolk,AU,2020-03-03 01:18:15,-42.78,147.06,64.0,45,75,4.7
639,Yellowknife,CA,2020-03-03 01:23:25,62.46,-114.35,-2.0,70,75,4.7
640,Dzaoudzi,YT,2020-03-03 01:24:41,-12.79,45.27,80.6,88,96,2.24
641,Rikitea,PF,2020-03-03 01:22:28,-23.12,-134.97,80.24,80,100,24.09
642,Bluff,NZ,2020-03-03 01:22:39,-46.6,168.33,61.0,67,97,15.99
643,Yangambi,CD,2020-03-03 01:24:42,0.81,24.43,74.8,72,60,2.62
644,Cidreira,BR,2020-03-03 01:24:31,-30.18,-50.21,73.38,75,7,22.35
645,Dikson,RU,2020-03-03 01:22:43,73.51,80.55,2.26,98,100,8.75
646,Rikitea,PF,2020-03-03 01:22:28,-23.12,-134.97,80.24,80,100,24.09
647,New Norfolk,AU,2020-03-03 01:18:15,-42.78,147.06,64.0,45,75,4.7
648,Gazli,UZ,2020-03-03 01:24:43,40.13,63.45,51.42,64,100,18.99
649,Piacabucu,BR,2020-03-03 01:24:44,-10.41,-36.43,80.65,74,0,8.84
650,Albany,US,2020-03-03 01:22:33,42.6,-73.97,53.6,37,90,8.05
651,Imbituba,BR,2020-03-03 01:22:48,-28.24,-48.67,68.0,100,75,5.82
652,Slavonice,CZ,2020-03-03 01:24:44,49.0,15.35,48.99,70,100,11.41
653,Trincomalee,LK,2020-03-03 01:24:44,8.57,81.23,67.89,95,49,1.25
654,Kununurra,AU,2020-03-03 01:24:45,-15.77,128.73,86.0,66,75,13.87
655,Souillac,MU,2020-03-03 01:24:45,-20.52,57.52,80.6,94,75,3.36
656,Mataura,NZ,2020-03-03 01:22:36,-46.19,168.86,61.0,67,100,15.99
657,Ancud,CL,2020-03-03 01:24:45,-41.87,-73.82,51.8,87,78,3.36
658,Arraial Do Cabo,BR,2020-03-03 01:22:41,-22.97,-42.03,74.1,89,100,16.53
659,Nouadhibou,MR,2020-03-03 01:24:46,20.93,-17.03,66.2,72,0,19.46
660,Geraldton,AU,2020-03-03 01:23:07,-28.77,114.6,86.0,35,0,27.51
661,Rikitea,PF,2020-03-03 01:22:28,-23.12,-134.97,80.24,80,100,24.09
662,Kapaa,US,2020-03-03 01:22:41,22.08,-159.32,77.0,83,90,11.41
663,Mataura,NZ,2020-03-03 01:22:36,-46.19,168.86,61.0,67,100,15.99
664,Lompoc,US,2020-03-03 01:21:31,34.64,-120.46,70.0,44,1,9.17
665,Klaksvik,FO,2020-03-03 01:24:47,62.23,-6.59,35.6,80,70,10.29
666,Hermanus,ZA,2020-03-03 01:22:41,-34.42,19.23,69.01,86,0,11.01
667,Khatanga,RU,2020-03-03 01:22:48,71.97,102.5,9.28,83,83,9.89
668,Lovozero,RU,2020-03-03 01:24:48,68.0,35.01,12.6,90,92,15.03
669,Coihaique,CL,2020-03-03 01:24:48,-45.58,-72.07,62.6,59,57,3.36
670,Albany,US,2020-03-03 01:22:33,42.6,-73.97,53.6,37,90,8.05
671,Mar Del Plata,AR,2020-03-03 01:18:21,-38.0,-57.56,78.01,83,33,6.93
672,Laguna,US,2020-03-03 01:19:04,38.42,-121.42,73.99,21,1,18.34
673,Provideniya,RU,2020-03-03 01:22:58,64.38,-173.3,6.8,77,75,11.18
674,Punta Arenas,CL,2020-03-03 01:22:30,-53.15,-70.92,53.6,71,40,5.82
675,Liuzhou,CN,2020-03-03 01:24:49,24.31,109.39,58.6,91,100,4.65
676,Kavieng,PG,2020-03-03 01:22:49,-2.57,150.8,85.44,70,100,5.59
677,Hobart,AU,2020-03-03 01:21:43,-42.88,147.33,63.0,45,75,6.93
678,Dikson,RU,2020-03-03 01:22:43,73.51,80.55,2.26,98,100,8.75
679,Ushuaia,AR,2020-03-03 01:18:58,-54.8,-68.3,53.6,58,75,34.45
680,Grindavik,IS,2020-03-03 01:23:30,63.84,-22.43,33.8,69,90,25.28
681,Wadi Musa,JO,2020-03-03 01:24:50,30.32,35.48,47.75,52,0,3.74
682,Nioro,GM,2020-03-03 01:24:50,13.35,-15.75,81.05,7,8,8.93
683,Yellowknife,CA,2020-03-03 01:23:25,62.46,-114.35,-2.0,70,75,4.7
684,Gondanglegi,ID,2020-03-03 01:24:51,-7.75,112.01,78.24,87,100,0.85
685,Oussouye,SN,2020-03-03 01:24:51,12.48,-16.55,78.8,64,4,2.24
686,Chokurdakh,RU,2020-03-03 01:24:51,70.63,147.92,-0.33,79,68,17.09
687,Souillac,MU,2020-03-03 01:24:45,-20.52,57.52,80.6,94,75,3.36
688,Kruisfontein,ZA,2020-03-03 01:24:52,-34.0,24.73,64.44,96,12,0.87
689,Syumsi,RU,2020-03-03 01:24:52,57.11,51.61,33.76,90,100,11.18
690,Rikitea,PF,2020-03-03 01:22:28,-23.12,-134.97,80.24,80,100,24.09
691,Vaini,TO,2020-03-03 01:22:29,-21.2,-175.2,86.0,70,20,10.29
692,Yulara,AU,2020-03-03 01:22:59,-25.24,130.99,64.4,100,90,11.41
693,Naryan-Mar,RU,2020-03-03 01:24:53,67.67,53.09,26.22,96,100,13.0
694,Hue,VN,2020-03-03 01:24:53,16.47,107.6,77.0,88,20,2.24
695,Kaitangata,NZ,2020-03-03 01:22:40,-46.28,169.85,61.0,80,100,16.71
696,Rundu,NA,2020-03-03 01:24:53,-17.93,19.77,68.0,94,50,4.7
697,Ushuaia,AR,2020-03-03 01:18:58,-54.8,-68.3,53.6,58,75,34.45
698,Atuona,PF,2020-03-03 01:22:42,-9.8,-139.03,82.22,74,28,16.08
699,Luwuk,ID,2020-03-03 01:24:54,-0.95,122.79,80.96,78,100,6.04
700,Ajdabiya,LY,2020-03-03 01:24:54,30.76,20.23,64.74,53,0,16.13
701,Jamestown,US,2020-03-03 01:17:55,42.1,-79.24,46.4,93,90,6.93
702,Albany,US,2020-03-03 01:22:33,42.6,-73.97,53.6,37,90,8.05
703,Bluff,NZ,2020-03-03 01:22:39,-46.6,168.33,61.0,67,97,15.99
704,Atuona,PF,2020-03-03 01:22:42,-9.8,-139.03,82.22,74,28,16.08
705,Albany,US,2020-03-03 01:22:33,42.6,-73.97,53.6,37,90,8.05
706,Hilo,US,2020-03-03 01:22:08,19.73,-155.09,80.6,61,40,20.8
707,Cayenne,GF,2020-03-03 01:24:56,4.93,-52.33,75.2,94,75,4.7
708,Rikitea,PF,2020-03-03 01:22:28,-23.12,-134.97,80.24,80,100,24.09
709,Boke,GN,2020-03-03 01:24:56,10.94,-14.3,71.37,93,0,2.24
710,Bilma,NE,2020-03-03 01:24:57,18.69,12.92,73.4,13,23,5.68
711,Victoria,HK,2020-03-03 01:24:08,22.29,114.16,71.01,72,40,17.22
712,Nuuk,GL,2020-03-03 01:23:00,64.18,-51.72,1.4,70,0,23.04
713,Monte Alegre,BR,2020-03-03 01:24:57,-2.01,-54.07,78.22,89,97,3.13
714,Punta Arenas,CL,2020-03-03 01:22:30,-53.15,-70.92,53.6,71,40,5.82
715,Melfi,IT,2020-03-03 01:24:58,41.0,15.65,57.2,76,40,11.41
716,New Norfolk,AU,2020-03-03 01:18:15,-42.78,147.06,64.0,45,75,4.7
717,Lorengau,PG,2020-03-03 01:22:55,-2.02,147.27,84.76,70,35,4.14
718,Alice Springs,AU,2020-03-03 01:21:46,-23.7,133.88,64.4,100,90,13.87
719,Bethel,US,2020-03-03 01:21:04,41.37,-73.41,53.01,61,90,9.17
720,Knysna,ZA,2020-03-03 01:24:59,-34.04,23.05,60.8,100,90,1.12
721,Beloha,MG,2020-03-03 01:24:59,-25.17,45.05,68.02,83,53,12.3
722,Cururupu,BR,2020-03-03 01:24:59,-1.83,-44.87,74.93,96,100,1.61
723,Bluff,NZ,2020-03-03 01:22:39,-46.6,168.33,61.0,67,97,15.99
724,Mataura,NZ,2020-03-03 01:22:36,-46.19,168.86,61.0,67,100,15.99
725,Rikitea,PF,2020-03-03 01:22:28,-23.12,-134.97,80.24,80,100,24.09
726,San Marcos,US,2020-03-03 01:25:00,33.14,-117.17,66.99,51,1,4.7
727,Punta Arenas,CL,2020-03-03 01:22:30,-53.15,-70.92,53.6,71,40,5.82
728,Port Elizabeth,ZA,2020-03-03 01:22:46,-33.92,25.57,68.0,94,75,2.24
729,Havoysund,NO,2020-03-03 01:24:32,71.0,24.66,24.8,79,75,35.57
730,Torbay,CA,2020-03-03 01:23:24,47.67,-52.73,21.99,85,75,18.34
731,Rikitea,PF,2020-03-03 01:22:28,-23.12,-134.97,80.24,80,100,24.09
732,Nanortalik,GL,2020-03-03 01:23:17,60.14,-45.24,15.06,63,0,34.07
733,Arraial Do Cabo,BR,2020-03-03 01:22:41,-22.97,-42.03,74.1,89,100,16.53
734,Severo-Kurilsk,RU,2020-03-03 01:23:03,50.68,156.12,25.65,89,60,4.38
735,Deputatskiy,RU,2020-03-03 01:25:02,69.3,139.9,-5.66,70,0,3.74
736,Hermanus,ZA,2020-03-03 01:22:41,-34.42,19.23,69.01,86,0,11.01
737,Saint-Pierre,RE,2020-03-03 01:25:02,-21.34,55.48,78.8,83,20,3.36
738,Cherskiy,RU,2020-03-03 01:23:29,68.75,161.3,-4.41,95,100,12.71
739,Hermanus,ZA,2020-03-03 01:22:41,-34.42,19.23,69.01,86,0,11.01
740,Virginia Beach,US,2020-03-03 01:25:03,36.85,-75.98,63.0,47,90,13.87
741,Kodiak,US,2020-03-03 01:22:58,57.79,-152.41,30.2,30,1,21.92
742,Busselton,AU,2020-03-03 01:22:37,-33.65,115.33,75.99,33,0,12.68
743,Port Macquarie,AU,2020-03-03 01:20:35,-31.43,152.92,81.0,64,90,10.29
744,Sembe,CG,2020-03-03 01:25:04,1.65,14.58,67.96,94,96,2.19
745,Turukhansk,RU,2020-03-03 01:25:04,65.82,87.98,6.22,98,92,5.79
746,Rikitea,PF,2020-03-03 01:22:28,-23.12,-134.97,80.24,80,100,24.09
747,Ushuaia,AR,2020-03-03 01:18:58,-54.8,-68.3,53.6,58,75,34.45
748,Jamestown,US,2020-03-03 01:17:55,42.1,-79.24,46.4,93,90,6.93
749,Hilo,US,2020-03-03 01:22:08,19.73,-155.09,80.6,61,40,20.8
750,Hermanus,ZA,2020-03-03 01:22:41,-34.42,19.23,69.01,86,0,11.01
751,Walvis Bay,NA,2020-03-03 01:24:02,-22.96,14.51,68.0,82,0,4.7
752,Fortuna Foothills,US,2020-03-03 01:24:01,32.66,-114.41,62.6,44,1,17.22
753,Klaksvik,FO,2020-03-03 01:24:47,62.23,-6.59,35.6,80,70,10.29
754,Hamilton,US,2020-03-03 01:20:10,39.18,-84.53,53.01,93,90,3.74
755,Ilulissat,GL,2020-03-03 01:23:51,69.22,-51.1,-20.2,50,12,4.7
756,Soyo,AO,2020-03-03 01:24:15,-6.13,12.37,78.76,86,84,1.57
757,Sorland,NO,2020-03-03 01:22:05,67.67,12.69,34.2,61,0,23.85
758,Pisco,PE,2020-03-03 01:22:54,-13.7,-76.22,73.4,88,57,20.8
759,Castro,BR,2020-03-03 01:22:59,-24.79,-50.01,56.91,94,90,7.7
760,Teeli,RU,2020-03-03 01:25:08,51.03,90.23,7.29,55,100,0.92
761,Puerto Ayora,EC,2020-03-03 01:22:40,-0.74,-90.35,82.4,74,20,11.41
762,Taltal,CL,2020-03-03 01:20:56,-25.4,-70.48,62.73,83,0,2.33
763,Hithadhoo,MV,2020-03-03 01:22:34,-0.6,73.08,83.73,67,52,4.05
764,Vaini,TO,2020-03-03 01:22:29,-21.2,-175.2,86.0,70,20,10.29
765,Labis,MY,2020-03-03 01:25:09,2.38,103.02,73.83,90,53,3.31
766,Great Falls,US,2020-03-03 01:25:09,47.5,-111.3,42.8,33,1,16.11
767,Rikitea,PF,2020-03-03 01:22:28,-23.12,-134.97,80.24,80,100,24.09
768,Ada,US,2020-03-03 01:25:09,43.42,-116.13,48.99,45,90,6.93
769,Punta Arenas,CL,2020-03-03 01:22:30,-53.15,-70.92,53.6,71,40,5.82
770,Villa Maria,AR,2020-03-03 01:25:10,-32.41,-63.24,78.01,27,0,8.55
771,Biak,ID,2020-03-03 01:22:33,-0.91,122.88,80.96,78,100,6.04
772,Rikitea,PF,2020-03-03 01:22:28,-23.12,-134.97,80.24,80,100,24.09
773,Tuktoyaktuk,CA,2020-03-03 01:22:48,69.45,-133.04,-40.0,65,5,2.24
774,Mataura,NZ,2020-03-03 01:22:36,-46.19,168.86,61.0,67,100,15.99
775,Tuktoyaktuk,CA,2020-03-03 01:22:48,69.45,-133.04,-40.0,65,5,2.24
776,Port Lincoln,AU,2020-03-03 01:24:21,-34.73,135.87,61.16,72,85,17.4
777,Ozernovskiy,RU,2020-03-03 01:25:11,51.5,156.52,26.33,68,0,1.57
778,Rio Gallegos,AR,2020-03-03 01:24:42,-51.62,-69.22,59.0,16,100,11.41
779,Tasiilaq,GL,2020-03-03 01:22:41,65.61,-37.64,28.4,79,99,19.46
780,Itaqui,BR,2020-03-03 01:25:12,-29.13,-56.55,75.51,41,0,2.71
781,Talnakh,RU,2020-03-03 01:23:01,69.49,88.4,15.8,92,40,15.66
782,Mataura,NZ,2020-03-03 01:22:36,-46.19,168.86,61.0,67,100,15.99
783,Mataura,NZ,2020-03-03 01:22:36,-46.19,168.86,61.0,67,100,15.99
784,Dzaoudzi,YT,2020-03-03 01:24:41,-12.79,45.27,80.6,88,96,2.24
785,Tiksi,RU,2020-03-03 01:22:56,71.69,128.87,6.94,71,100,46.71
786,Kaitangata,NZ,2020-03-03 01:22:40,-46.28,169.85,61.0,80,100,16.71
787,Maridi,SS,2020-03-03 01:25:13,4.92,29.47,72.32,28,61,3.06
788,Atasu,KZ,2020-03-03 01:25:13,48.68,71.64,16.72,94,43,10.04
789,Rikitea,PF,2020-03-03 01:22:28,-23.12,-134.97,80.24,80,100,24.09
790,Jasper,US,2020-03-03 01:25:14,37.2,-94.35,48.0,75,90,6.87
791,Campbell River,CA,2020-03-03 01:25:14,50.02,-125.24,42.8,93,90,4.7
792,Punta Arenas,CL,2020-03-03 01:22:30,-53.15,-70.92,53.6,71,40,5.82
793,Hilo,US,2020-03-03 01:22:08,19.73,-155.09,80.6,61,40,20.8
794,Cabedelo,BR,2020-03-03 01:25:15,-6.98,-34.83,80.6,83,4,2.24
795,Leh,IN,2020-03-03 01:22:43,34.17,77.58,-2.92,71,28,3.2
796,Albany,US,2020-03-03 01:22:33,42.6,-73.97,53.6,37,90,8.05
797,Honningsvag,NO,2020-03-03 01:25:15,70.98,25.97,26.6,68,75,25.28
798,Hithadhoo,MV,2020-03-03 01:22:34,-0.6,73.08,83.73,67,52,4.05
799,Port Alfred,ZA,2020-03-03 01:22:35,-33.59,26.89,64.99,96,1,6.02
800,San Cristobal,VE,2020-03-03 01:24:28,7.77,-72.22,84.2,62,40,4.7
801,Cabo San Lucas,MX,2020-03-03 01:25:16,22.89,-109.91,73.4,68,75,16.11
802,Pevek,RU,2020-03-03 01:22:59,69.7,170.31,-4.31,92,100,5.48
803,Bluff,NZ,2020-03-03 01:22:39,-46.6,168.33,61.0,67,97,15.99
804,Klaksvik,FO,2020-03-03 01:24:47,62.23,-6.59,35.6,80,70,10.29
805,Faya,SA,2020-03-03 01:25:17,18.39,42.45,55.4,35,0,4.7
806,Nikolskoye,RU,2020-03-03 01:22:48,59.7,30.79,33.01,100,90,4.47
807,Castro,BR,2020-03-03 01:22:59,-24.79,-50.01,56.91,94,90,7.7
808,Fortuna,US,2020-03-03 01:25:18,40.6,-124.16,55.99,76,20,16.11
809,Winneba,GH,2020-03-03 01:25:18,5.35,-0.62,82.4,78,100,4.7
810,Busselton,AU,2020-03-03 01:22:37,-33.65,115.33,75.99,33,0,12.68
811,Rawson,AR,2020-03-03 01:23:19,-43.3,-65.1,67.89,69,4,9.73
812,Georgetown,MY,2020-03-03 01:20:17,5.41,100.34,80.6,78,20,6.93
813,Tuatapere,NZ,2020-03-03 01:22:44,-46.13,167.68,61.0,67,100,15.99
814,Gairatganj,IN,2020-03-03 01:25:19,23.42,78.24,63.95,48,0,3.2
815,Punta Arenas,CL,2020-03-03 01:22:30,-53.15,-70.92,53.6,71,40,5.82
816,La Plata,AR,2020-03-03 01:21:44,-34.92,-57.95,82.0,61,0,9.17
817,Bluff,NZ,2020-03-03 01:22:39,-46.6,168.33,61.0,67,97,15.99
818,Kaitangata,NZ,2020-03-03 01:22:40,-46.28,169.85,61.0,80,100,16.71
819,Broome,US,2020-03-03 01:25:20,42.25,-75.83,52.0,70,90,11.41
820,Hilo,US,2020-03-03 01:22:08,19.73,-155.09,80.6,61,40,20.8
821,Qax,AZ,2020-03-03 01:25:20,41.42,46.92,42.8,87,90,2.24
822,Nabire,ID,2020-03-03 01:25:20,-3.37,135.48,74.08,99,100,1.1
823,Ushuaia,AR,2020-03-03 01:18:58,-54.8,-68.3,53.6,58,75,34.45
824,Faanui,PF,2020-03-03 01:24:34,-16.48,-151.75,83.64,74,82,13.82
825,Shu,KZ,2020-03-03 01:21:25,43.6,73.76,43.0,63,82,3.0
826,Severo-Kurilsk,RU,2020-03-03 01:23:03,50.68,156.12,25.65,89,60,4.38
827,Faya,SA,2020-03-03 01:25:17,18.39,42.45,55.4,35,0,4.7
828,San Patricio,MX,2020-03-03 01:23:53,19.22,-104.7,78.8,78,5,11.41
829,Tieli,CN,2020-03-03 01:25:22,46.95,128.05,13.3,94,98,1.95
830,Qaanaaq,GL,2020-03-03 01:22:43,77.48,-69.36,-22.77,53,11,2.46
831,Albany,US,2020-03-03 01:22:33,42.6,-73.97,53.6,37,90,8.05
832,Rocha,UY,2020-03-03 01:23:13,-34.48,-54.33,66.33,81,0,9.91
833,Cape Town,ZA,2020-03-03 01:22:44,-33.93,18.42,68.0,82,0,6.93
834,Nouakchott,MR,2020-03-03 01:22:05,18.09,-15.98,77.0,11,0,10.29
835,Dikson,RU,2020-03-03 01:22:43,73.51,80.55,2.26,98,100,8.75
836,Hithadhoo,MV,2020-03-03 01:22:34,-0.6,73.08,83.73,67,52,4.05
837,Eyl,SO,2020-03-03 01:25:23,7.98,49.82,76.93,79,73,13.87
838,Aiken,US,2020-03-03 01:25:23,33.58,-81.6,57.99,93,90,4.7
839,Bilibino,RU,2020-03-03 01:24:18,68.05,166.44,-9.99,97,100,5.01
840,Bengkulu,ID,2020-03-03 01:23:54,-3.8,102.27,74.93,89,90,3.76
841,Castro,BR,2020-03-03 01:22:59,-24.79,-50.01,56.91,94,90,7.7
842,Albany,US,2020-03-03 01:22:33,42.6,-73.97,53.6,37,90,8.05
843,Tuchkovo,RU,2020-03-03 01:25:25,55.6,36.47,35.6,97,90,6.71
844,Mar Del Plata,AR,2020-03-03 01:18:21,-38.0,-57.56,78.01,83,33,6.93
845,Oil City,US,2020-03-03 01:25:25,41.43,-79.71,45.0,93,90,9.17
846,Hobart,AU,2020-03-03 01:21:43,-42.88,147.33,63.0,45,75,6.93
847,Cape Town,ZA,2020-03-03 01:22:44,-33.93,18.42,68.0,82,0,6.93
848,Vaini,TO,2020-03-03 01:22:29,-21.2,-175.2,86.0,70,20,10.29
849,Poum,NC,2020-03-03 01:22:57,-20.23,164.02,81.99,75,33,17.09
850,Ushuaia,AR,2020-03-03 01:18:58,-54.8,-68.3,53.6,58,75,34.45
851,Kutum,SD,2020-03-03 01:25:26,14.2,24.67,58.33,21,10,2.93
852,Jamestown,US,2020-03-03 01:17:55,42.1,-79.24,46.4,93,90,6.93
853,Basoko,CD,2020-03-03 01:25:27,1.24,23.62,74.3,70,39,1.81
854,Bluff,NZ,2020-03-03 01:22:39,-46.6,168.33,61.0,67,97,15.99
855,Mayya,RU,2020-03-03 01:25:27,61.73,130.28,-13.0,75,100,2.24
856,Rikitea,PF,2020-03-03 01:22:28,-23.12,-134.97,80.24,80,100,24.09
857,Coquimbo,CL,2020-03-03 01:22:49,-29.95,-71.34,60.8,87,90,5.82
858,Rikitea,PF,2020-03-03 01:22:28,-23.12,-134.97,80.24,80,100,24.09
859,Vaini,TO,2020-03-03 01:22:29,-21.2,-175.2,86.0,70,20,10.29
860,Carnarvon,AU,2020-03-03 01:22:41,-24.87,113.63,91.4,49,0,21.92
861,East London,ZA,2020-03-03 01:24:10,-33.02,27.91,72.12,81,6,6.87
862,Coihaique,CL,2020-03-03 01:24:48,-45.58,-72.07,62.6,59,57,3.36
863,Honiara,SB,2020-03-03 01:24:49,-9.43,159.95,89.6,75,20,10.29
864,Georgetown,MY,2020-03-03 01:20:17,5.41,100.34,80.6,78,20,6.93
865,Puerto Ayora,EC,2020-03-03 01:22:40,-0.74,-90.35,82.4,74,20,11.41
866,Mataura,NZ,2020-03-03 01:22:36,-46.19,168.86,61.0,67,100,15.99
867,Sobolevo,RU,2020-03-03 01:25:29,54.43,31.9,36.05,96,100,13.06
868,Ushuaia,AR,2020-03-03 01:18:58,-54.8,-68.3,53.6,58,75,34.45
869,Eau Claire,US,2020-03-03 01:22:00,44.81,-91.5,32.0,79,1,4.7
870,Carutapera,BR,2020-03-03 01:25:30,-1.2,-46.02,82.27,77,100,11.54
871,Ribeira Grande,PT,2020-03-03 01:23:26,38.52,-28.7,61.02,95,87,18.03
872,Kapaa,US,2020-03-03 01:22:41,22.08,-159.32,77.0,83,90,11.41
873,New Norfolk,AU,2020-03-03 01:18:15,-42.78,147.06,64.0,45,75,4.7
874,Barrow,US,2020-03-03 01:19:54,71.29,-156.79,-29.2,91,75,8.05
875,Port Hardy,CA,2020-03-03 01:25:31,50.7,-127.42,39.2,100,90,12.75
876,Rikitea,PF,2020-03-03 01:22:28,-23.12,-134.97,80.24,80,100,24.09
877,Staraya Poltavka,RU,2020-03-03 01:25:32,50.48,46.48,33.35,60,6,11.21
878,Tuktoyaktuk,CA,2020-03-03 01:22:48,69.45,-133.04,-40.0,65,5,2.24
879,Bluff,NZ,2020-03-03 01:22:39,-46.6,168.33,61.0,67,97,15.99
880,Charlestown,AU,2020-03-03 01:25:32,-32.95,151.67,75.99,69,90,9.17
881,Ponta Do Sol,PT,2020-03-03 01:22:50,32.67,-17.1,62.6,72,20,2.24
882,Luderitz,NA,2020-03-03 01:24:10,-26.65,15.16,68.0,82,5,4.7
883,Atuona,PF,2020-03-03 01:22:42,-9.8,-139.03,82.22,74,28,16.08
884,Klaksvik,FO,2020-03-03 01:24:47,62.23,-6.59,35.6,80,70,10.29
885,Chancay,PE,2020-03-03 01:25:33,-11.57,-77.27,75.2,78,0,13.87
886,Shemonaikha,KZ,2020-03-03 01:25:33,50.63,81.91,26.49,77,100,3.62
887,Manyoni,TZ,2020-03-03 01:25:34,-5.75,34.84,67.89,96,100,1.66
888,Cherskiy,RU,2020-03-03 01:23:29,68.75,161.3,-4.41,95,100,12.71
889,Mataura,NZ,2020-03-03 01:22:36,-46.19,168.86,61.0,67,100,15.99
890,Tiksi,RU,2020-03-03 01:22:56,71.69,128.87,6.94,71,100,46.71
891,Zarubino,RU,2020-03-03 01:25:34,42.63,131.09,26.11,81,42,7.65
892,Sola,VU,2020-03-03 01:25:35,-13.88,167.55,87.8,74,90,15.39
893,Airai,TL,2020-03-03 01:22:36,-8.93,125.41,75.67,73,98,2.42
894,Beyneu,KZ,2020-03-03 01:25:35,45.32,55.2,33.22,86,8,10.22
895,Luanda,AO,2020-03-03 01:23:36,-8.84,13.23,80.6,83,75,5.82
896,Porbandar,IN,2020-03-03 01:25:35,21.64,69.61,75.7,69,0,13.11
897,Ushuaia,AR,2020-03-03 01:18:58,-54.8,-68.3,53.6,58,75,34.45
898,Macae,BR,2020-03-03 01:21:20,-22.37,-41.79,69.8,100,90,4.7
899,Qaanaaq,GL,2020-03-03 01:22:43,77.48,-69.36,-22.77,53,11,2.46
900,Roald,NO,2020-03-03 01:23:03,62.58,6.13,39.2,71,100,6.93
901,Komsomolskiy,UZ,2020-03-03 01:23:49,40.43,71.72,46.4,81,43,2.24
902,Punta Arenas,CL,2020-03-03 01:22:30,-53.15,-70.92,53.6,71,40,5.82
903,Port Alfred,ZA,2020-03-03 01:22:35,-33.59,26.89,64.99,96,1,6.02
904,Tarija,BO,2020-03-03 01:21:05,-21.54,-64.73,62.6,82,75,3.29
905,Kloulklubed,PW,2020-03-03 01:23:32,7.04,134.26,84.2,74,75,10.29
906,Lebu,CL,2020-03-03 01:25:37,-37.62,-73.65,60.1,67,0,5.03
907,Svetlyy,RU,2020-03-03 01:23:44,54.67,20.13,41.0,100,75,6.71
908,Busselton,AU,2020-03-03 01:22:37,-33.65,115.33,75.99,33,0,12.68
909,Chuy,UY,2020-03-03 01:23:22,-33.7,-53.46,69.19,77,1,13.67
910,Sisimiut,GL,2020-03-03 01:25:38,66.94,-53.67,-18.63,77,0,6.62
911,Qaanaaq,GL,2020-03-03 01:22:43,77.48,-69.36,-22.77,53,11,2.46
912,Massakory,TD,2020-03-03 01:25:39,13.0,15.73,80.51,14,0,9.24
913,Nishihara,JP,2020-03-03 01:23:16,26.18,127.76,69.8,68,20,10.29
914,Port Alfred,ZA,2020-03-03 01:22:35,-33.59,26.89,64.99,96,1,6.02
915,Meulaboh,ID,2020-03-03 01:24:26,4.14,96.13,82.22,77,99,6.46
916,Pitimbu,BR,2020-03-03 01:25:40,-7.47,-34.81,80.6,83,6,2.24
917,Severo-Kurilsk,RU,2020-03-03 01:23:03,50.68,156.12,25.65,89,60,4.38
918,Brooks,CA,2020-03-03 01:25:40,50.58,-111.89,37.0,65,7,7.14
919,Ushuaia,AR,2020-03-03 01:18:58,-54.8,-68.3,53.6,58,75,34.45
920,Hasaki,JP,2020-03-03 01:22:56,35.73,140.83,55.99,58,75,8.05
921,Omboue,GA,2020-03-03 01:25:41,-1.57,9.26,72.54,95,100,8.88
922,Upernavik,GL,2020-03-03 01:23:09,72.79,-56.15,-26.46,81,0,4.41
923,Pisco,PE,2020-03-03 01:22:54,-13.7,-76.22,73.4,88,57,20.8
924,Barrow,US,2020-03-03 01:19:54,71.29,-156.79,-29.2,91,75,8.05
925,Qaanaaq,GL,2020-03-03 01:22:43,77.48,-69.36,-22.77,53,11,2.46
926,Jamestown,US,2020-03-03 01:17:55,42.1,-79.24,46.4,93,90,6.93
927,Leningradskiy,RU,2020-03-03 01:22:38,69.38,178.42,-1.59,83,97,28.74
928,Cape Town,ZA,2020-03-03 01:22:44,-33.93,18.42,68.0,82,0,6.93
929,Saint-Philippe,RE,2020-03-03 01:23:12,-21.36,55.77,78.8,83,20,3.36
930,East London,ZA,2020-03-03 01:24:10,-33.02,27.91,72.12,81,6,6.87
931,Bluff,NZ,2020-03-03 01:22:39,-46.6,168.33,61.0,67,97,15.99
932,Hithadhoo,MV,2020-03-03 01:22:34,-0.6,73.08,83.73,67,52,4.05
933,Mataura,NZ,2020-03-03 01:22:36,-46.19,168.86,61.0,67,100,15.99
934,Orlik,RU,2020-03-03 01:25:44,52.52,99.83,-16.78,91,0,4.52
935,Qaanaaq,GL,2020-03-03 01:22:43,77.48,-69.36,-22.77,53,11,2.46
936,Pevek,RU,2020-03-03 01:22:59,69.7,170.31,-4.31,92,100,5.48
937,Puerto Ayora,EC,2020-03-03 01:22:40,-0.74,-90.35,82.4,74,20,11.41
938,Cape Town,ZA,2020-03-03 01:22:44,-33.93,18.42,68.0,82,0,6.93
939,Carnarvon,AU,2020-03-03 01:22:41,-24.87,113.63,91.4,49,0,21.92
940,Kijang,KR,2020-03-03 01:25:45,35.24,129.21,50.0,61,75,9.17
941,Auki,SB,2020-03-03 01:25:45,-8.77,160.7,84.49,73,95,0.76
942,Bamboo,JM,2020-03-03 01:25:46,18.39,-77.26,75.0,90,26,3.0
943,Ushuaia,AR,2020-03-03 01:18:58,-54.8,-68.3,53.6,58,75,34.45
944,Shangrao,CN,2020-03-03 01:25:46,28.45,117.97,49.33,87,87,5.95
945,Albany,US,2020-03-03 01:22:33,42.6,-73.97,53.6,37,90,8.05
946,Necochea,AR,2020-03-03 01:21:41,-38.55,-58.74,79.0,76,42,8.01
947,North Bend,US,2020-03-03 01:25:46,43.41,-124.22,52.0,81,90,6.93
948,Tuktoyaktuk,CA,2020-03-03 01:22:48,69.45,-133.04,-40.0,65,5,2.24
949,San Patricio,MX,2020-03-03 01:23:53,19.22,-104.7,78.8,78,5,11.41
950,Bluff,NZ,2020-03-03 01:22:39,-46.6,168.33,61.0,67,97,15.99
951,Ushuaia,AR,2020-03-03 01:18:58,-54.8,-68.3,53.6,58,75,34.45
952,Bambous Virieux,MU,2020-03-03 01:25:48,-20.34,57.76,80.6,94,75,3.36
953,Hithadhoo,MV,2020-03-03 01:22:34,-0.6,73.08,83.73,67,52,4.05
954,Port Alfred,ZA,2020-03-03 01:22:35,-33.59,26.89,64.99,96,1,6.02
955,Cabo San Lucas,MX,2020-03-03 01:25:16,22.89,-109.91,73.4,68,75,16.11
956,Ushuaia,AR,2020-03-03 01:18:58,-54.8,-68.3,53.6,58,75,34.45
957,Konstantinovka,RU,2020-03-03 01:25:48,49.62,127.98,13.37,92,91,1.63
958,Cape Town,ZA,2020-03-03 01:22:44,-33.93,18.42,68.0,82,0,6.93
959,Albany,US,2020-03-03 01:22:33,42.6,-73.97,53.6,37,90,8.05
960,Bluff,NZ,2020-03-03 01:22:39,-46.6,168.33,61.0,67,97,15.99
961,Kargasok,RU,2020-03-03 01:25:49,59.06,80.86,10.38,94,3,7.14
962,New Norfolk,AU,2020-03-03 01:18:15,-42.78,147.06,64.0,45,75,4.7
963,Hilo,US,2020-03-03 01:22:08,19.73,-155.09,80.6,61,40,20.8
964,Mango,US,2020-03-03 01:25:50,27.98,-82.31,72.0,60,40,11.48
965,Busselton,AU,2020-03-03 01:22:37,-33.65,115.33,75.99,33,0,12.68
966,Avarua,CK,2020-03-03 01:22:40,-21.21,-159.78,84.2,83,10,6.93
967,Cape Town,ZA,2020-03-03 01:22:44,-33.93,18.42,68.0,82,0,6.93
968,Saint-Georges,GD,2020-03-03 01:25:51,12.06,-61.75,77.0,78,20,4.7
969,Hasaki,JP,2020-03-03 01:22:56,35.73,140.83,55.99,58,75,8.05
970,Dikson,RU,2020-03-03 01:22:43,73.51,80.55,2.26,98,100,8.75
971,Esperance,AU,2020-03-03 01:22:36,-33.87,121.9,62.6,67,90,9.17
972,Mahebourg,MU,2020-03-03 01:22:29,-20.41,57.7,80.6,94,75,3.36
973,Provideniya,RU,2020-03-03 01:22:58,64.38,-173.3,6.8,77,75,11.18
974,Victor Harbor,AU,2020-03-03 01:25:52,-35.57,138.62,64.0,55,75,4.7
975,Amarpur,IN,2020-03-03 01:25:52,25.03,86.9,67.23,66,0,3.31
976,Butaritari,KI,2020-03-03 01:23:19,3.07,172.79,82.74,76,100,20.56
977,Plettenberg Bay,ZA,2020-03-03 01:24:34,-34.05,23.37,65.44,92,5,4.54
978,Rikitea,PF,2020-03-03 01:22:28,-23.12,-134.97,80.24,80,100,24.09
979,Rikitea,PF,2020-03-03 01:22:28,-23.12,-134.97,80.24,80,100,24.09
980,Waingapu,ID,2020-03-03 01:25:53,-9.66,120.26,84.65,71,77,8.7
981,Porto Novo,BJ,2020-03-03 01:25:53,6.5,2.6,82.4,88,40,4.7
982,Longyearbyen,SJ,2020-03-03 01:24:14,78.22,15.64,-2.2,70,75,6.93
983,Rikitea,PF,2020-03-03 01:22:28,-23.12,-134.97,80.24,80,100,24.09
984,Banjar,ID,2020-03-03 01:25:54,-8.19,114.97,84.2,83,20,2.24
985,Mataura,NZ,2020-03-03 01:22:36,-46.19,168.86,61.0,67,100,15.99
986,Solihull,GB,2020-03-03 01:25:54,52.41,-1.78,37.99,80,20,4.7
987,New Norfolk,AU,2020-03-03 01:18:15,-42.78,147.06,64.0,45,75,4.7
988,Saint-Philippe,RE,2020-03-03 01:23:12,-21.36,55.77,78.8,83,20,3.36
989,Yellowknife,CA,2020-03-03 01:23:25,62.46,-114.35,-2.0,70,75,4.7
990,Cidreira,BR,2020-03-03 01:24:31,-30.18,-50.21,73.38,75,7,22.35
991,Constitucion,CL,2020-03-03 01:25:55,-35.33,-72.42,55.38,96,70,3.78
992,Lebu,CL,2020-03-03 01:25:37,-37.62,-73.65,60.1,67,0,5.03
993,Xinzhou,CN,2020-03-03 01:25:56,38.41,112.73,22.64,34,57,5.73
994,Hilo,US,2020-03-03 01:22:08,19.73,-155.09,80.6,61,40,20.8
995,West Wendover,US,2020-03-03 01:25:56,40.74,-114.07,42.8,33,1,6.44
996,Bonavista,CA,2020-03-03 01:24:38,48.65,-53.11,21.76,80,74,18.77
997,Bluff,NZ,2020-03-03 01:22:39,-46.6,168.33,61.0,67,97,15.99
998,Busselton,AU,2020-03-03 01:22:37,-33.65,115.33,75.99,33,0,12.68
999,Busselton,AU,2020-03-03 01:22:37,-33.65,115.33,75.99,33,0,12.68
1000,Sola,VU,2020-03-03 01:25:35,-13.88,167.55,87.8,74,90,15.39
1001,Fairbanks,US,2020-03-03 01:22:06,64.84,-147.72,1.0,70,75,9.17
1002,Hermanus,ZA,2020-03-03 01:22:41,-34.42,19.23,69.01,86,0,11.01
1003,Silale,LT,2020-03-03 01:25:58,55.49,22.18,41.94,97,100,4.83
1004,Bluff,NZ,2020-03-03 01:22:39,-46.6,168.33,61.0,67,97,15.99
1005,Butaritari,KI,2020-03-03 01:23:19,3.07,172.79,82.74,76,100,20.56
1006,Luderitz,NA,2020-03-03 01:24:10,-26.65,15.16,68.0,82,5,4.7
1007,Bredasdorp,ZA,2020-03-03 01:22:37,-34.53,20.04,69.01,93,23,4.7
1008,Cayenne,GF,2020-03-03 01:24:56,4.93,-52.33,75.2,94,75,4.7
1009,Qaanaaq,GL,2020-03-03 01:22:43,77.48,-69.36,-22.77,53,11,2.46
1010,Eydhafushi,MV,2020-03-03 01:23:03,5.1,73.07,82.06,67,27,4.7
1011,Hobart,AU,2020-03-03 01:21:43,-42.88,147.33,63.0,45,75,6.93
1012,Dire,ML,2020-03-03 01:26:00,12.28,-10.97,75.52,11,0,2.53
1013,Mehamn,NO,2020-03-03 01:26:00,71.04,27.85,26.6,68,75,25.28
1014,Rocha,UY,2020-03-03 01:23:13,-34.48,-54.33,66.33,81,0,9.91
1015,Busselton,AU,2020-03-03 01:22:37,-33.65,115.33,75.99,33,0,12.68
1016,Ushuaia,AR,2020-03-03 01:18:58,-54.8,-68.3,53.6,58,75,34.45
1017,Lebu,CL,2020-03-03 01:25:37,-37.62,-73.65,60.1,67,0,5.03
1018,Verkhnevilyuysk,RU,2020-03-03 01:26:01,63.45,120.32,-8.9,97,53,4.34
1019,Urucara,BR,2020-03-03 01:26:01,-2.54,-57.76,77.67,88,100,2.75
1020,Swan River,CA,2020-03-03 01:26:01,52.11,-101.27,26.73,85,98,9.93
1021,Torbay,CA,2020-03-03 01:23:24,47.67,-52.73,21.99,85,75,18.34
1022,New Norfolk,AU,2020-03-03 01:18:15,-42.78,147.06,64.0,45,75,4.7
1023,Guerrero Negro,MX,2020-03-03 01:26:02,27.98,-114.06,58.71,47,69,18.12
1024,Angra Dos Reis,BR,2020-03-03 01:24:39,-23.01,-44.32,71.6,94,90,4.7
1025,Rikitea,PF,2020-03-03 01:22:28,-23.12,-134.97,80.24,80,100,24.09
1026,San Jose,US,2020-03-03 01:24:54,37.34,-121.89,73.4,14,20,12.75
1027,Yar-Sale,RU,2020-03-03 01:26:02,66.83,70.83,10.11,88,3,10.74
1028,Bandarbeyla,SO,2020-03-03 01:26:03,9.49,50.81,77.27,74,100,10.22
1029,Esperance,AU,2020-03-03 01:22:36,-33.87,121.9,62.6,67,90,9.17
1030,East London,ZA,2020-03-03 01:24:10,-33.02,27.91,72.12,81,6,6.87
1031,Vaini,TO,2020-03-03 01:22:29,-21.2,-175.2,86.0,70,20,10.29
1032,Hasaki,JP,2020-03-03 01:22:56,35.73,140.83,55.99,58,75,8.05
1033,Gotsu,JP,2020-03-03 01:26:04,35.0,132.22,50.0,61,75,6.93
1034,Ushuaia,AR,2020-03-03 01:18:58,-54.8,-68.3,53.6,58,75,34.45
1035,Norden,DE,2020-03-03 01:26:04,53.6,7.2,41.0,93,75,6.93
1036,Hobart,AU,2020-03-03 01:21:43,-42.88,147.33,63.0,45,75,6.93
1037,Rikitea,PF,2020-03-03 01:22:28,-23.12,-134.97,80.24,80,100,24.09
1038,Aasiaat,GL,2020-03-03 01:26:05,68.71,-52.87,-19.08,97,66,4.97
1039,Cape Town,ZA,2020-03-03 01:22:44,-33.93,18.42,68.0,82,0,6.93
1040,Sao Filipe,CV,2020-03-03 01:22:56,14.9,-24.5,75.88,52,0,15.28
1041,Saskylakh,RU,2020-03-03 01:24:34,71.92,114.08,13.96,83,100,14.14
1042,Cabo San Lucas,MX,2020-03-03 01:25:16,22.89,-109.91,73.4,68,75,16.11
1043,Tasiilaq,GL,2020-03-03 01:22:41,65.61,-37.64,28.4,79,99,19.46
1044,Avarua,CK,2020-03-03 01:22:40,-21.21,-159.78,84.2,83,10,6.93
1045,Concepcion Del Oro,MX,2020-03-03 01:26:06,24.63,-101.42,75.25,13,1,24.87
1046,Narsaq,GL,2020-03-03 01:24:19,60.92,-46.05,-0.4,44,0,10.29
1047,Busselton,AU,2020-03-03 01:22:37,-33.65,115.33,75.99,33,0,12.68
1048,Cape Town,ZA,2020-03-03 01:22:44,-33.93,18.42,68.0,82,0,6.93
1049,Samoded,RU,2020-03-03 01:26:07,63.61,40.51,19.92,92,90,6.91
1050,Avera,US,2020-03-03 01:26:07,33.19,-82.53,57.99,94,90,3.36
1051,Flin Flon,CA,2020-03-03 01:26:07,54.77,-101.86,17.6,85,90,3.96
1052,Hermanus,ZA,2020-03-03 01:22:41,-34.42,19.23,69.01,86,0,11.01
1053,Hagonoy,PH,2020-03-03 01:26:08,14.83,120.73,84.2,65,40,9.17
1054,Saurimo,AO,2020-03-03 01:26:08,-9.66,20.39,66.81,95,100,3.36
1055,Saint-Philippe,RE,2020-03-03 01:23:12,-21.36,55.77,78.8,83,20,3.36
1056,Port Lincoln,AU,2020-03-03 01:24:21,-34.73,135.87,61.16,72,85,17.4
1057,Nagram,IN,2020-03-03 01:26:09,26.62,81.13,60.8,100,40,2.42
1058,Hobart,AU,2020-03-03 01:21:43,-42.88,147.33,63.0,45,75,6.93
1059,Carnarvon,AU,2020-03-03 01:22:41,-24.87,113.63,91.4,49,0,21.92
1060,Albany,US,2020-03-03 01:22:33,42.6,-73.97,53.6,37,90,8.05
1061,Moose Factory,CA,2020-03-03 01:26:09,51.26,-80.61,23.0,67,90,13.87
1062,Yellowknife,CA,2020-03-03 01:23:25,62.46,-114.35,-2.0,70,75,4.7
1063,Itaituba,BR,2020-03-03 01:21:51,-4.28,-55.98,74.82,97,97,1.57
1064,Sharjah,AE,2020-03-03 01:26:10,25.36,55.4,68.0,82,40,5.82
1065,Lasa,IT,2020-03-03 01:26:10,46.62,10.7,36.0,92,90,4.7
1066,Ushuaia,AR,2020-03-03 01:18:58,-54.8,-68.3,53.6,58,75,34.45
1067,Hithadhoo,MV,2020-03-03 01:22:34,-0.6,73.08,83.73,67,52,4.05
1068,Zhigansk,RU,2020-03-03 01:24:00,66.77,123.37,-9.47,95,91,18.54
1069,Codrington,AU,2020-03-03 01:26:11,-38.27,141.97,58.06,70,70,13.09
1070,Arraial Do Cabo,BR,2020-03-03 01:22:41,-22.97,-42.03,74.1,89,100,16.53
1071,Hambantota,LK,2020-03-03 01:26:12,6.12,81.12,75.2,100,5,2.24
1072,Dunedin,NZ,2020-03-03 01:24:12,-45.87,170.5,61.0,80,100,15.7
1073,Husavik,IS,2020-03-03 01:26:12,66.04,-17.34,26.6,73,75,21.92
1074,Saldanha,ZA,2020-03-03 01:26:12,-33.01,17.94,60.8,77,0,1.12
1075,Luderitz,NA,2020-03-03 01:24:10,-26.65,15.16,68.0,82,5,4.7
1076,Olgina,EE,2020-03-03 01:26:13,59.4,28.13,33.87,91,100,8.39
1077,Roald,NO,2020-03-03 01:23:03,62.58,6.13,39.2,71,100,6.93
1078,Dikson,RU,2020-03-03 01:22:43,73.51,80.55,2.26,98,100,8.75
1079,Avarua,CK,2020-03-03 01:22:40,-21.21,-159.78,84.2,83,10,6.93
1080,Gunjur,GM,2020-03-03 01:26:14,13.2,-16.73,73.4,60,6,3.65
1081,Barabai,ID,2020-03-03 01:26:14,-2.58,115.38,77.22,94,100,0.89
1082,Geraldton,AU,2020-03-03 01:23:07,-28.77,114.6,86.0,35,0,27.51
1083,Kayes,ML,2020-03-03 01:26:14,14.0,-11.0,80.6,19,0,2.24
1084,Lebu,CL,2020-03-03 01:25:37,-37.62,-73.65,60.1,67,0,5.03
1085,Ingham,US,2020-03-03 01:26:15,42.6,-84.38,44.6,60,90,8.05
1086,Bredasdorp,ZA,2020-03-03 01:22:37,-34.53,20.04,69.01,93,23,4.7
1087,Matagami,CA,2020-03-03 01:26:15,49.75,-77.63,26.6,79,90,6.93
1088,Bambous Virieux,MU,2020-03-03 01:25:48,-20.34,57.76,80.6,94,75,3.36
1089,Nsukka,NG,2020-03-03 01:26:15,6.86,7.39,77.14,80,96,4.92
1090,Urumqi,CN,2020-03-03 01:26:16,43.8,87.6,30.99,92,0,2.24
1091,Thompson,CA,2020-03-03 01:23:10,55.74,-97.86,14.0,72,90,3.36
1092,Nome,US,2020-03-03 01:24:58,64.5,-165.41,5.0,71,90,1.52
1093,Arraial Do Cabo,BR,2020-03-03 01:22:41,-22.97,-42.03,74.1,89,100,16.53
1094,Rafai,CF,2020-03-03 01:26:16,4.95,23.92,72.23,40,19,1.99
1095,Santa Cruz,BO,2020-03-03 01:26:17,-17.8,-63.17,77.0,73,47,6.93
1096,Georgetown,MY,2020-03-03 01:20:17,5.41,100.34,80.6,78,20,6.93
1097,Bluff,NZ,2020-03-03 01:22:39,-46.6,168.33,61.0,67,97,15.99
1098,Hithadhoo,MV,2020-03-03 01:22:34,-0.6,73.08,83.73,67,52,4.05
1099,Kabalo,CD,2020-03-03 01:26:17,-6.05,26.92,69.28,98,87,0.87
1100,Saint George,US,2020-03-03 01:22:32,37.1,-113.58,57.99,35,1,10.29
1101,Thompson,CA,2020-03-03 01:23:10,55.74,-97.86,14.0,72,90,3.36
1102,Dikson,RU,2020-03-03 01:22:43,73.51,80.55,2.26,98,100,8.75
1103,San Jose,US,2020-03-03 01:24:54,37.34,-121.89,73.4,14,20,12.75
1104,Ternate,ID,2020-03-03 01:26:18,0.8,127.4,81.0,81,62,2.46
1105,Airai,TL,2020-03-03 01:22:36,-8.93,125.41,75.67,73,98,2.42
1106,Kampot,KH,2020-03-03 01:26:19,10.62,104.18,84.2,62,20,10.29
1107,Bonavista,CA,2020-03-03 01:24:38,48.65,-53.11,21.76,80,74,18.77
1108,Albany,US,2020-03-03 01:22:33,42.6,-73.97,53.6,37,90,8.05
1109,Busselton,AU,2020-03-03 01:22:37,-33.65,115.33,75.99,33,0,12.68
1110,Funchal,PT,2020-03-03 01:22:44,32.63,-16.9,62.6,72,20,2.24
1111,Butaritari,KI,2020-03-03 01:23:19,3.07,172.79,82.74,76,100,20.56
1112,Labelle,US,2020-03-03 01:26:20,26.76,-81.44,71.6,68,40,5.82
1113,Ushuaia,AR,2020-03-03 01:18:58,-54.8,-68.3,53.6,58,75,34.45
1114,Brewster,US,2020-03-03 01:26:21,41.4,-73.62,55.0,61,90,9.17
1115,Busselton,AU,2020-03-03 01:22:37,-33.65,115.33,75.99,33,0,12.68
1116,Provideniya,RU,2020-03-03 01:22:58,64.38,-173.3,6.8,77,75,11.18
1117,Georgetown,MY,2020-03-03 01:20:17,5.41,100.34,80.6,78,20,6.93
1118,Pingliang,CN,2020-03-03 01:26:22,35.54,106.69,30.22,39,100,2.3
1119,Vaini,TO,2020-03-03 01:22:29,-21.2,-175.2,86.0,70,20,10.29
1120,Punta Arenas,CL,2020-03-03 01:22:30,-53.15,-70.92,53.6,71,40,5.82
1121,Puerto Ayora,EC,2020-03-03 01:22:40,-0.74,-90.35,82.4,74,20,11.41
1122,Pimentel,PE,2020-03-03 01:26:22,-6.84,-79.93,66.2,29,90,18.34
1123,Colares,PT,2020-03-03 01:26:23,38.8,-9.45,55.0,87,22,5.82
1124,Bengkulu,ID,2020-03-03 01:23:54,-3.8,102.27,74.93,89,90,3.76
1125,Klyuchi,RU,2020-03-03 01:26:23,52.27,79.17,21.9,95,99,5.01
1126,Laguna,US,2020-03-03 01:19:04,38.42,-121.42,73.99,21,1,18.34
1127,Nizwa,OM,2020-03-03 01:24:50,22.93,57.53,62.33,56,0,1.01
1128,Punta Arenas,CL,2020-03-03 01:22:30,-53.15,-70.92,53.6,71,40,5.82
1129,Noumea,NC,2020-03-03 01:24:18,-22.28,166.46,86.0,62,100,6.93
1130,Progreso,MX,2020-03-03 01:26:24,21.28,-89.67,86.0,45,5,10.29
1131,Yellowknife,CA,2020-03-03 01:23:25,62.46,-114.35,-2.0,70,75,4.7
1132,Okakarara,NA,2020-03-03 01:26:24,-20.58,17.43,60.8,95,10,3.47
1133,Rikitea,PF,2020-03-03 01:22:28,-23.12,-134.97,80.24,80,100,24.09
1134,Outlook,CA,2020-03-03 01:26:25,51.5,-107.05,34.0,74,96,4.0
1135,Punta Arenas,CL,2020-03-03 01:22:30,-53.15,-70.92,53.6,71,40,5.82
1136,Balangir,IN,2020-03-03 01:26:25,20.72,83.48,68.9,59,0,2.35
1137,Nuevitas,CU,2020-03-03 01:26:25,21.55,-77.26,71.6,83,20,11.41
1138,Lebu,CL,2020-03-03 01:25:37,-37.62,-73.65,60.1,67,0,5.03
1139,Rikitea,PF,2020-03-03 01:22:28,-23.12,-134.97,80.24,80,100,24.09
1140,Chuy,UY,2020-03-03 01:23:22,-33.7,-53.46,69.19,77,1,13.67
1141,Saint-Philippe,RE,2020-03-03 01:23:12,-21.36,55.77,78.8,83,20,3.36
1142,Saint-Philippe,RE,2020-03-03 01:23:12,-21.36,55.77,78.8,83,20,3.36
1143,Cape Town,ZA,2020-03-03 01:22:44,-33.93,18.42,68.0,82,0,6.93
1144,Alexandria,EG,2020-03-03 01:24:05,31.22,29.96,51.8,87,0,4.09
1145,Kruisfontein,ZA,2020-03-03 01:24:52,-34.0,24.73,64.44,96,12,0.87
1146,Fairbanks,US,2020-03-03 01:22:06,64.84,-147.72,1.0,70,75,9.17
1147,Cabo San Lucas,MX,2020-03-03 01:25:16,22.89,-109.91,73.4,68,75,16.11
1148,Hilo,US,2020-03-03 01:22:08,19.73,-155.09,80.6,61,40,20.8
1149,Avarua,CK,2020-03-03 01:22:40,-21.21,-159.78,84.2,83,10,6.93
1150,Pacific Grove,US,2020-03-03 01:26:28,36.62,-121.92,70.0,39,1,5.82
1151,Hermanus,ZA,2020-03-03 01:22:41,-34.42,19.23,69.01,86,0,11.01
1152,Ponta Do Sol,PT,2020-03-03 01:22:50,32.67,-17.1,62.6,72,20,2.24
1153,Salalah,OM,2020-03-03 01:23:44,17.02,54.09,71.6,73,0,4.7
1154,Clyde River,CA,2020-03-03 01:26:29,70.47,-68.59,-14.8,68,75,8.05
1155,Avarua,CK,2020-03-03 01:22:40,-21.21,-159.78,84.2,83,10,6.93
1156,Saint-Philippe,RE,2020-03-03 01:23:12,-21.36,55.77,78.8,83,20,3.36
1157,Busselton,AU,2020-03-03 01:22:37,-33.65,115.33,75.99,33,0,12.68
1158,Chuy,UY,2020-03-03 01:23:22,-33.7,-53.46,69.19,77,1,13.67
1159,Albany,US,2020-03-03 01:22:33,42.6,-73.97,53.6,37,90,8.05
1160,West Monroe,US,2020-03-03 01:25:59,32.52,-92.15,69.8,77,40,4.7
1161,Kisangani,CD,2020-03-03 01:24:12,0.52,25.2,74.19,79,55,2.48
1162,East London,ZA,2020-03-03 01:24:10,-33.02,27.91,72.12,81,6,6.87
1163,Bilma,NE,2020-03-03 01:24:57,18.69,12.92,73.4,13,23,5.68
1164,Albany,US,2020-03-03 01:22:33,42.6,-73.97,53.6,37,90,8.05
1165,Torbay,CA,2020-03-03 01:23:24,47.67,-52.73,21.99,85,75,18.34
1166,Ponta Delgada,PT,2020-03-03 01:24:39,37.73,-25.67,62.6,93,75,13.87
1167,Barrow,US,2020-03-03 01:19:54,71.29,-156.79,-29.2,91,75,8.05
1168,Rawson,AR,2020-03-03 01:23:19,-43.3,-65.1,67.89,69,4,9.73
1169,Jamestown,US,2020-03-03 01:17:55,42.1,-79.24,46.4,93,90,6.93
1170,Puerto Ayora,EC,2020-03-03 01:22:40,-0.74,-90.35,82.4,74,20,11.41
1171,Preeceville,CA,2020-03-03 01:26:32,51.95,-102.67,26.1,89,95,9.24
1172,Chokurdakh,RU,2020-03-03 01:24:51,70.63,147.92,-0.33,79,68,17.09
1173,Airai,TL,2020-03-03 01:22:36,-8.93,125.41,75.67,73,98,2.42
1174,Pontianak,ID,2020-03-03 01:26:33,-0.03,109.33,76.19,95,91,0.34
1175,Rikitea,PF,2020-03-03 01:22:28,-23.12,-134.97,80.24,80,100,24.09
1176,Hermanus,ZA,2020-03-03 01:22:41,-34.42,19.23,69.01,86,0,11.01
1177,East London,ZA,2020-03-03 01:24:10,-33.02,27.91,72.12,81,6,6.87
1178,Bluff,NZ,2020-03-03 01:22:39,-46.6,168.33,61.0,67,97,15.99
1179,Cidreira,BR,2020-03-03 01:24:31,-30.18,-50.21,73.38,75,7,22.35
1180,Punta Arenas,CL,2020-03-03 01:22:30,-53.15,-70.92,53.6,71,40,5.82
1181,Coquimbo,CL,2020-03-03 01:22:49,-29.95,-71.34,60.8,87,90,5.82
1182,Airai,TL,2020-03-03 01:22:36,-8.93,125.41,75.67,73,98,2.42
1183,Tasiilaq,GL,2020-03-03 01:22:41,65.61,-37.64,28.4,79,99,19.46
1184,Saint George,US,2020-03-03 01:22:32,37.1,-113.58,57.99,35,1,10.29
1185,Bredasdorp,ZA,2020-03-03 01:22:37,-34.53,20.04,69.01,93,23,4.7
1186,Ushuaia,AR,2020-03-03 01:18:58,-54.8,-68.3,53.6,58,75,34.45
1187,Victoria,HK,2020-03-03 01:24:08,22.29,114.16,71.01,72,40,17.22
1188,Hobart,AU,2020-03-03 01:21:43,-42.88,147.33,63.0,45,75,6.93
1189,Ushuaia,AR,2020-03-03 01:18:58,-54.8,-68.3,53.6,58,75,34.45
1190,San Juan,AR,2020-03-03 01:26:36,-31.54,-68.54,84.79,29,0,14.5
1191,Dolakovo,RU,2020-03-03 01:26:36,43.23,44.59,33.75,71,0,0.76
1192,Port Blair,IN,2020-03-03 01:24:59,11.67,92.75,80.11,72,24,10.0
1193,Udarnyy,RU,2020-03-03 01:26:37,54.34,42.86,33.94,80,100,9.31
1194,Aksu,CN,2020-03-03 01:26:37,41.12,80.26,39.42,44,32,5.39
1195,Tshela,CD,2020-03-03 01:26:37,-4.98,12.93,73.18,99,100,1.39
1196,Ribeira Grande,PT,2020-03-03 01:23:26,38.52,-28.7,61.02,95,87,18.03
1197,Torbay,CA,2020-03-03 01:23:24,47.67,-52.73,21.99,85,75,18.34
1198,Provideniya,RU,2020-03-03 01:22:58,64.38,-173.3,6.8,77,75,11.18
1199,Dali,CN,2020-03-03 01:26:38,25.7,100.18,40.32,80,32,2.86
1200,Punta Arenas,CL,2020-03-03 01:22:30,-53.15,-70.92,53.6,71,40,5.82
1201,Vostok,RU,2020-03-03 01:26:38,46.49,135.88,20.46,93,100,1.77
1202,Arak,IR,2020-03-03 01:26:39,34.09,49.69,30.45,86,0,5.32
1203,Vaini,TO,2020-03-03 01:22:29,-21.2,-175.2,86.0,70,20,10.29
1204,Vardo,NO,2020-03-03 01:21:45,70.37,31.11,27.19,78,97,28.3
1205,Tazovskiy,RU,2020-03-03 01:26:39,67.47,78.7,14.31,90,95,16.02
1206,Bredasdorp,ZA,2020-03-03 01:22:37,-34.53,20.04,69.01,93,23,4.7
1207,Vaini,TO,2020-03-03 01:22:29,-21.2,-175.2,86.0,70,20,10.29
1208,Mar Del Plata,AR,2020-03-03 01:18:21,-38.0,-57.56,78.01,83,33,6.93
1209,Zbarazh,UA,2020-03-03 01:26:40,49.66,25.78,38.55,82,50,5.75
1210,Itanagar,IN,2020-03-03 01:26:40,27.1,93.62,57.67,87,0,2.77
1211,Atuona,PF,2020-03-03 01:22:42,-9.8,-139.03,82.22,74,28,16.08
1212,Atuona,PF,2020-03-03 01:22:42,-9.8,-139.03,82.22,74,28,16.08
1213,Kodiak,US,2020-03-03 01:22:58,57.79,-152.41,30.2,30,1,21.92
1214,Ushuaia,AR,2020-03-03 01:18:58,-54.8,-68.3,53.6,58,75,34.45
1215,Ushuaia,AR,2020-03-03 01:18:58,-54.8,-68.3,53.6,58,75,34.45
1216,Mataura,NZ,2020-03-03 01:22:36,-46.19,168.86,61.0,67,100,15.99
1217,Punta Arenas,CL,2020-03-03 01:22:30,-53.15,-70.92,53.6,71,40,5.82
1218,Lagoa,PT,2020-03-03 01:23:01,39.05,-27.98,63.68,87,93,25.68
1219,Hobart,AU,2020-03-03 01:21:43,-42.88,147.33,63.0,45,75,6.93
1220,Saint-Philippe,RE,2020-03-03 01:23:12,-21.36,55.77,78.8,83,20,3.36
1221,New Norfolk,AU,2020-03-03 01:18:15,-42.78,147.06,64.0,45,75,4.7
1222,Georgetown,MY,2020-03-03 01:20:17,5.41,100.34,80.6,78,20,6.93
1223,Vaini,TO,2020-03-03 01:22:29,-21.2,-175.2,86.0,70,20,10.29
1224,Punta Arenas,CL,2020-03-03 01:22:30,-53.15,-70.92,53.6,71,40,5.82
1225,Airai,TL,2020-03-03 01:22:36,-8.93,125.41,75.67,73,98,2.42
1226,Zhadovka,RU,2020-03-03 01:26:44,53.57,46.95,30.97,79,100,9.6
1227,Hasaki,JP,2020-03-03 01:22:56,35.73,140.83,55.99,58,75,8.05
1228,Barrow,US,2020-03-03 01:19:54,71.29,-156.79,-29.2,91,75,8.05
1229,Byron Bay,AU,2020-03-03 01:23:04,-28.65,153.62,89.01,88,95,12.75
1230,Geraldton,AU,2020-03-03 01:23:07,-28.77,114.6,86.0,35,0,27.51
1231,Gibara,CU,2020-03-03 01:26:45,21.11,-76.13,73.4,78,82,12.75
1232,Dawson Creek,CA,2020-03-03 01:26:45,55.77,-120.24,37.4,47,20,14.99
1233,Punta Arenas,CL,2020-03-03 01:22:30,-53.15,-70.92,53.6,71,40,5.82
1234,Yellowknife,CA,2020-03-03 01:23:25,62.46,-114.35,-2.0,70,75,4.7
1235,Atuona,PF,2020-03-03 01:22:42,-9.8,-139.03,82.22,74,28,16.08
1236,Hoopstad,ZA,2020-03-03 01:26:46,-27.83,25.91,65.88,64,12,5.28
1237,Punta Arenas,CL,2020-03-03 01:22:30,-53.15,-70.92,53.6,71,40,5.82
1238,Butaritari,KI,2020-03-03 01:23:19,3.07,172.79,82.74,76,100,20.56
1239,Atasu,KZ,2020-03-03 01:25:13,48.68,71.64,16.72,94,43,10.04
1240,Marfino,RU,2020-03-03 01:26:47,55.7,37.38,39.0,97,90,6.71
1241,Coquimbo,CL,2020-03-03 01:22:49,-29.95,-71.34,60.8,87,90,5.82
1242,Avarua,CK,2020-03-03 01:22:40,-21.21,-159.78,84.2,83,10,6.93
1243,Arraial Do Cabo,BR,2020-03-03 01:22:41,-22.97,-42.03,74.1,89,100,16.53
1244,Ushuaia,AR,2020-03-03 01:18:58,-54.8,-68.3,53.6,58,75,34.45
1245,Vardo,NO,2020-03-03 01:21:45,70.37,31.11,27.19,78,97,28.3
1246,Parauna,BR,2020-03-03 01:26:48,-16.95,-50.45,68.14,93,82,6.38
1247,Tanhacu,BR,2020-03-03 01:26:49,-14.02,-41.25,79.83,56,90,8.79
1248,Busselton,AU,2020-03-03 01:22:37,-33.65,115.33,75.99,33,0,12.68
1249,Hobart,AU,2020-03-03 01:21:43,-42.88,147.33,63.0,45,75,6.93
1250,Hobart,AU,2020-03-03 01:21:43,-42.88,147.33,63.0,45,75,6.93
1251,Esperance,AU,2020-03-03 01:22:36,-33.87,121.9,62.6,67,90,9.17
1252,Ipira,BR,2020-03-03 01:26:50,-12.16,-39.74,79.29,65,4,10.22
1253,Busselton,AU,2020-03-03 01:22:37,-33.65,115.33,75.99,33,0,12.68
1254,Punta Arenas,CL,2020-03-03 01:22:30,-53.15,-70.92,53.6,71,40,5.82
1255,Severomuysk,RU,2020-03-03 01:26:50,56.15,113.43,-12.12,95,17,1.5
1256,Utete,TZ,2020-03-03 01:26:51,-7.99,38.76,74.25,97,100,3.74
1257,Ostrovnoy,RU,2020-03-03 01:23:33,68.05,39.51,12.25,97,72,9.57
1258,Moree,AU,2020-03-03 01:26:51,-29.47,149.85,89.6,40,100,10.29
1259,Vaini,TO,2020-03-03 01:22:29,-21.2,-175.2,86.0,70,20,10.29
1260,Custodia,BR,2020-03-03 01:26:51,-8.09,-37.64,75.29,81,22,7.49
1261,Iqaluit,CA,2020-03-03 01:24:39,63.75,-68.51,-2.0,77,90,4.7
1262,New Norfolk,AU,2020-03-03 01:18:15,-42.78,147.06,64.0,45,75,4.7
1263,Lensk,RU,2020-03-03 01:26:52,60.73,114.93,-2.94,99,90,4.81
1264,Mahebourg,MU,2020-03-03 01:22:29,-20.41,57.7,80.6,94,75,3.36
1265,Avarua,CK,2020-03-03 01:22:40,-21.21,-159.78,84.2,83,10,6.93
1266,Whitehorse,CA,2020-03-03 01:22:59,60.72,-135.05,35.6,40,75,4.7
1267,New Norfolk,AU,2020-03-03 01:18:15,-42.78,147.06,64.0,45,75,4.7
1268,Hinton,CA,2020-03-03 01:26:53,53.4,-117.59,32.94,71,37,9.91
1269,Albany,US,2020-03-03 01:22:33,42.6,-73.97,53.6,37,90,8.05
1270,Bredasdorp,ZA,2020-03-03 01:22:37,-34.53,20.04,69.01,93,23,4.7
1271,Busselton,AU,2020-03-03 01:22:37,-33.65,115.33,75.99,33,0,12.68
1272,Helmsdale,GB,2020-03-03 01:26:54,58.12,-3.65,42.8,75,75,4.7
1273,Gandai,IN,2020-03-03 01:26:54,21.67,81.1,70.21,42,0,4.83
1274,Ciudad Bolivar,VE,2020-03-03 01:26:54,8.12,-63.55,84.56,42,35,13.13
1275,Sao Filipe,CV,2020-03-03 01:22:56,14.9,-24.5,75.88,52,0,15.28
1276,Albany,US,2020-03-03 01:22:33,42.6,-73.97,53.6,37,90,8.05
1277,San Quintin,MX,2020-03-03 01:26:55,30.48,-115.95,54.3,61,82,12.62
1278,Port Alfred,ZA,2020-03-03 01:22:35,-33.59,26.89,64.99,96,1,6.02
1279,Ostrovnoy,RU,2020-03-03 01:23:33,68.05,39.51,12.25,97,72,9.57
1280,Huejuquilla El Alto,MX,2020-03-03 01:26:56,22.6,-103.87,73.67,26,56,12.44
1281,Ventspils,LV,2020-03-03 01:26:56,57.39,21.56,39.2,100,90,2.24
1282,Ushuaia,AR,2020-03-03 01:18:58,-54.8,-68.3,53.6,58,75,34.45
1283,Albany,US,2020-03-03 01:22:33,42.6,-73.97,53.6,37,90,8.05
1284,Vaini,TO,2020-03-03 01:22:29,-21.2,-175.2,86.0,70,20,10.29
1285,Bambous Virieux,MU,2020-03-03 01:25:48,-20.34,57.76,80.6,94,75,3.36
1286,Tongzi,CN,2020-03-03 01:26:57,28.78,105.09,50.68,87,100,8.21
1287,Busselton,AU,2020-03-03 01:22:37,-33.65,115.33,75.99,33,0,12.68
1288,Kodiak,US,2020-03-03 01:22:58,57.79,-152.41,30.2,30,1,21.92
1289,Vaini,TO,2020-03-03 01:22:29,-21.2,-175.2,86.0,70,20,10.29
1290,Busselton,AU,2020-03-03 01:22:37,-33.65,115.33,75.99,33,0,12.68
1291,Georgetown,MY,2020-03-03 01:20:17,5.41,100.34,80.6,78,20,6.93
1292,New Norfolk,AU,2020-03-03 01:18:15,-42.78,147.06,64.0,45,75,4.7
1293,Rikitea,PF,2020-03-03 01:22:28,-23.12,-134.97,80.24,80,100,24.09
1294,Yellowknife,CA,2020-03-03 01:23:25,62.46,-114.35,-2.0,70,75,4.7
1295,Port Hardy,CA,2020-03-03 01:25:31,50.7,-127.42,39.2,100,90,12.75
1296,Atuona,PF,2020-03-03 01:22:42,-9.8,-139.03,82.22,74,28,16.08
1297,Karpathos,GR,2020-03-03 01:26:59,35.51,27.21,57.2,93,16,5.82
1298,Portland,US,2020-03-03 01:26:59,45.52,-122.68,50.0,70,90,10.29
1299,Taltal,CL,2020-03-03 01:20:56,-25.4,-70.48,62.73,83,0,2.33
1300,Karratha,AU,2020-03-03 01:27:00,-20.74,116.85,85.03,74,37,2.55
1301,Busselton,AU,2020-03-03 01:22:37,-33.65,115.33,75.99,33,0,12.68
1302,Uchaly,RU,2020-03-03 01:27:00,54.3,59.45,25.63,79,98,10.67
1303,Mataura,NZ,2020-03-03 01:22:36,-46.19,168.86,61.0,67,100,15.99
1304,Buala,SB,2020-03-03 01:25:04,-8.14,159.59,86.68,67,100,3.04
1305,Namibe,AO,2020-03-03 01:23:12,-15.2,12.15,76.24,69,0,13.73
1306,Thompson,CA,2020-03-03 01:23:10,55.74,-97.86,14.0,72,90,3.36
1307,Hilo,US,2020-03-03 01:22:08,19.73,-155.09,80.6,61,40,20.8
1308,Atuona,PF,2020-03-03 01:22:42,-9.8,-139.03,82.22,74,28,16.08
1309,Avarua,CK,2020-03-03 01:22:40,-21.21,-159.78,84.2,83,10,6.93
1310,Pangnirtung,CA,2020-03-03 01:24:30,66.15,-65.71,-16.15,53,6,4.68
1311,Mar Del Plata,AR,2020-03-03 01:18:21,-38.0,-57.56,78.01,83,33,6.93
1312,Vaini,TO,2020-03-03 01:22:29,-21.2,-175.2,86.0,70,20,10.29
1313,Busselton,AU,2020-03-03 01:22:37,-33.65,115.33,75.99,33,0,12.68
1314,Makhinjauri,GE,2020-03-03 01:27:03,41.67,41.69,46.4,65,0,18.34
1315,Bethel,US,2020-03-03 01:21:04,41.37,-73.41,53.01,61,90,9.17
1316,Hermanus,ZA,2020-03-03 01:22:41,-34.42,19.23,69.01,86,0,11.01
1317,Nanortalik,GL,2020-03-03 01:23:17,60.14,-45.24,15.06,63,0,34.07
1318,Hermanus,ZA,2020-03-03 01:22:41,-34.42,19.23,69.01,86,0,11.01
1319,East London,ZA,2020-03-03 01:24:10,-33.02,27.91,72.12,81,6,6.87
1320,Malartic,CA,2020-03-03 01:24:17,48.13,-78.13,33.8,88,75,3.36
1321,Ushuaia,AR,2020-03-03 01:18:58,-54.8,-68.3,53.6,58,75,34.45
1322,Qaanaaq,GL,2020-03-03 01:22:43,77.48,-69.36,-22.77,53,11,2.46
1323,Broken Hill,AU,2020-03-03 01:27:05,-31.95,141.43,62.6,48,75,20.8
1324,Port Alfred,ZA,2020-03-03 01:22:35,-33.59,26.89,64.99,96,1,6.02
1325,Gorodets,RU,2020-03-03 01:27:05,56.65,43.48,37.99,80,20,6.71
1326,Yakeshi,CN,2020-03-03 01:27:05,49.28,120.73,-1.59,96,8,1.03
1327,Ushuaia,AR,2020-03-03 01:18:58,-54.8,-68.3,53.6,58,75,34.45
1328,Katsuura,JP,2020-03-03 01:27:06,35.13,140.3,57.2,64,75,14.99
1329,Diffa,NE,2020-03-03 01:27:06,13.32,12.61,82.11,14,60,10.11
1330,Albany,US,2020-03-03 01:22:33,42.6,-73.97,53.6,37,90,8.05
1331,Castro,BR,2020-03-03 01:22:59,-24.79,-50.01,56.91,94,90,7.7
1332,New Norfolk,AU,2020-03-03 01:18:15,-42.78,147.06,64.0,45,75,4.7
1333,Lillesand,NO,2020-03-03 01:27:07,58.25,8.38,37.99,100,31,9.17
1334,Bredasdorp,ZA,2020-03-03 01:22:37,-34.53,20.04,69.01,93,23,4.7
1335,Cidreira,BR,2020-03-03 01:24:31,-30.18,-50.21,73.38,75,7,22.35
1336,Carnarvon,AU,2020-03-03 01:22:41,-24.87,113.63,91.4,49,0,21.92
1337,Upernavik,GL,2020-03-03 01:23:09,72.79,-56.15,-26.46,81,0,4.41
1338,Kavieng,PG,2020-03-03 01:22:49,-2.57,150.8,85.44,70,100,5.59
1339,Rikitea,PF,2020-03-03 01:22:28,-23.12,-134.97,80.24,80,100,24.09
1340,Ust-Nera,RU,2020-03-03 01:27:08,64.57,143.2,-13.61,93,0,3.15
1341,Mataura,NZ,2020-03-03 01:22:36,-46.19,168.86,61.0,67,100,15.99
1342,Salalah,OM,2020-03-03 01:23:44,17.02,54.09,71.6,73,0,4.7
1343,San Andres,CO,2020-03-03 01:24:37,12.58,-81.7,80.6,74,20,9.17
1344,Whitehorse,CA,2020-03-03 01:22:59,60.72,-135.05,35.6,40,75,4.7
1345,New Norfolk,AU,2020-03-03 01:18:15,-42.78,147.06,64.0,45,75,4.7
1346,Nikolskoye,RU,2020-03-03 01:22:48,59.7,30.79,33.01,100,90,4.47
1347,Rikitea,PF,2020-03-03 01:22:28,-23.12,-134.97,80.24,80,100,24.09
1348,Vaini,TO,2020-03-03 01:22:29,-21.2,-175.2,86.0,70,20,10.29
1349,Cabo San Lucas,MX,2020-03-03 01:25:16,22.89,-109.91,73.4,68,75,16.11
1350,Mackay,AU,2020-03-03 01:27:10,-21.15,149.2,86.0,78,75,17.22
1351,Imbituba,BR,2020-03-03 01:22:48,-28.24,-48.67,68.0,100,75,5.82
1352,Caravelas,BR,2020-03-03 01:22:43,-17.71,-39.25,81.5,80,40,9.66
1353,Arraial Do Cabo,BR,2020-03-03 01:22:41,-22.97,-42.03,74.1,89,100,16.53
1354,Aguimes,ES,2020-03-03 01:27:11,27.91,-15.45,66.2,68,75,19.46
1355,New Norfolk,AU,2020-03-03 01:18:15,-42.78,147.06,64.0,45,75,4.7
1356,Gazojak,TM,2020-03-03 01:27:12,41.19,61.4,47.91,69,100,14.85
1357,Ternate,ID,2020-03-03 01:26:18,0.8,127.4,81.0,81,62,2.46
1358,Novokruchininskiy,RU,2020-03-03 01:27:12,51.78,113.77,-0.4,77,7,2.24
1359,Hobart,AU,2020-03-03 01:21:43,-42.88,147.33,63.0,45,75,6.93
1360,Paamiut,GL,2020-03-03 01:24:27,61.99,-49.67,-5.82,63,0,13.33
1361,Saint-Philippe,RE,2020-03-03 01:23:12,-21.36,55.77,78.8,83,20,3.36
1362,Mackay,AU,2020-03-03 01:27:10,-21.15,149.2,86.0,78,75,17.22
1363,Skibbereen,IE,2020-03-03 01:27:13,51.55,-9.27,32.0,63,20,8.05
1364,Jamestown,US,2020-03-03 01:17:55,42.1,-79.24,46.4,93,90,6.93
1365,Rikitea,PF,2020-03-03 01:22:28,-23.12,-134.97,80.24,80,100,24.09
1366,Vaitape,PF,2020-03-03 01:27:13,-16.52,-151.75,83.64,74,82,13.82
1367,Bredasdorp,ZA,2020-03-03 01:22:37,-34.53,20.04,69.01,93,23,4.7
1368,Punta Arenas,CL,2020-03-03 01:22:30,-53.15,-70.92,53.6,71,40,5.82
